--
-- PostgreSQL database dump
--

-- Dumped from database version 12.5 (Ubuntu 12.5-0ubuntu0.20.04.1)
-- Dumped by pg_dump version 12.5 (Ubuntu 12.5-0ubuntu0.20.04.1)

SET statement_timeout = 0;
SET lock_timeout = 0;
SET idle_in_transaction_session_timeout = 0;
SET client_encoding = 'UTF8';
SET standard_conforming_strings = on;
SELECT pg_catalog.set_config('search_path', '', false);
SET check_function_bodies = false;
SET xmloption = content;
SET client_min_messages = warning;
SET row_security = off;

--
-- Name: postgis; Type: EXTENSION; Schema: -; Owner: -
--

CREATE EXTENSION IF NOT EXISTS postgis WITH SCHEMA public;


--
-- Name: EXTENSION postgis; Type: COMMENT; Schema: -; Owner: 
--

COMMENT ON EXTENSION postgis IS 'PostGIS geometry, geography, and raster spatial types and functions';


SET default_tablespace = '';

SET default_table_access_method = heap;

--
-- Name: auth_group; Type: TABLE; Schema: public; Owner: postgres
--

CREATE TABLE public.auth_group (
    id integer NOT NULL,
    name character varying(150) NOT NULL
);


ALTER TABLE public.auth_group OWNER TO postgres;

--
-- Name: auth_group_id_seq; Type: SEQUENCE; Schema: public; Owner: postgres
--

CREATE SEQUENCE public.auth_group_id_seq
    AS integer
    START WITH 1
    INCREMENT BY 1
    NO MINVALUE
    NO MAXVALUE
    CACHE 1;


ALTER TABLE public.auth_group_id_seq OWNER TO postgres;

--
-- Name: auth_group_id_seq; Type: SEQUENCE OWNED BY; Schema: public; Owner: postgres
--

ALTER SEQUENCE public.auth_group_id_seq OWNED BY public.auth_group.id;


--
-- Name: auth_group_permissions; Type: TABLE; Schema: public; Owner: postgres
--

CREATE TABLE public.auth_group_permissions (
    id integer NOT NULL,
    group_id integer NOT NULL,
    permission_id integer NOT NULL
);


ALTER TABLE public.auth_group_permissions OWNER TO postgres;

--
-- Name: auth_group_permissions_id_seq; Type: SEQUENCE; Schema: public; Owner: postgres
--

CREATE SEQUENCE public.auth_group_permissions_id_seq
    AS integer
    START WITH 1
    INCREMENT BY 1
    NO MINVALUE
    NO MAXVALUE
    CACHE 1;


ALTER TABLE public.auth_group_permissions_id_seq OWNER TO postgres;

--
-- Name: auth_group_permissions_id_seq; Type: SEQUENCE OWNED BY; Schema: public; Owner: postgres
--

ALTER SEQUENCE public.auth_group_permissions_id_seq OWNED BY public.auth_group_permissions.id;


--
-- Name: auth_permission; Type: TABLE; Schema: public; Owner: postgres
--

CREATE TABLE public.auth_permission (
    id integer NOT NULL,
    name character varying(255) NOT NULL,
    content_type_id integer NOT NULL,
    codename character varying(100) NOT NULL
);


ALTER TABLE public.auth_permission OWNER TO postgres;

--
-- Name: auth_permission_id_seq; Type: SEQUENCE; Schema: public; Owner: postgres
--

CREATE SEQUENCE public.auth_permission_id_seq
    AS integer
    START WITH 1
    INCREMENT BY 1
    NO MINVALUE
    NO MAXVALUE
    CACHE 1;


ALTER TABLE public.auth_permission_id_seq OWNER TO postgres;

--
-- Name: auth_permission_id_seq; Type: SEQUENCE OWNED BY; Schema: public; Owner: postgres
--

ALTER SEQUENCE public.auth_permission_id_seq OWNED BY public.auth_permission.id;


--
-- Name: auth_user; Type: TABLE; Schema: public; Owner: postgres
--

CREATE TABLE public.auth_user (
    id integer NOT NULL,
    password character varying(128) NOT NULL,
    last_login timestamp with time zone,
    is_superuser boolean NOT NULL,
    username character varying(150) NOT NULL,
    first_name character varying(150) NOT NULL,
    last_name character varying(150) NOT NULL,
    email character varying(254) NOT NULL,
    is_staff boolean NOT NULL,
    is_active boolean NOT NULL,
    date_joined timestamp with time zone NOT NULL
);


ALTER TABLE public.auth_user OWNER TO postgres;

--
-- Name: auth_user_groups; Type: TABLE; Schema: public; Owner: postgres
--

CREATE TABLE public.auth_user_groups (
    id integer NOT NULL,
    user_id integer NOT NULL,
    group_id integer NOT NULL
);


ALTER TABLE public.auth_user_groups OWNER TO postgres;

--
-- Name: auth_user_groups_id_seq; Type: SEQUENCE; Schema: public; Owner: postgres
--

CREATE SEQUENCE public.auth_user_groups_id_seq
    AS integer
    START WITH 1
    INCREMENT BY 1
    NO MINVALUE
    NO MAXVALUE
    CACHE 1;


ALTER TABLE public.auth_user_groups_id_seq OWNER TO postgres;

--
-- Name: auth_user_groups_id_seq; Type: SEQUENCE OWNED BY; Schema: public; Owner: postgres
--

ALTER SEQUENCE public.auth_user_groups_id_seq OWNED BY public.auth_user_groups.id;


--
-- Name: auth_user_id_seq; Type: SEQUENCE; Schema: public; Owner: postgres
--

CREATE SEQUENCE public.auth_user_id_seq
    AS integer
    START WITH 1
    INCREMENT BY 1
    NO MINVALUE
    NO MAXVALUE
    CACHE 1;


ALTER TABLE public.auth_user_id_seq OWNER TO postgres;

--
-- Name: auth_user_id_seq; Type: SEQUENCE OWNED BY; Schema: public; Owner: postgres
--

ALTER SEQUENCE public.auth_user_id_seq OWNED BY public.auth_user.id;


--
-- Name: auth_user_user_permissions; Type: TABLE; Schema: public; Owner: postgres
--

CREATE TABLE public.auth_user_user_permissions (
    id integer NOT NULL,
    user_id integer NOT NULL,
    permission_id integer NOT NULL
);


ALTER TABLE public.auth_user_user_permissions OWNER TO postgres;

--
-- Name: auth_user_user_permissions_id_seq; Type: SEQUENCE; Schema: public; Owner: postgres
--

CREATE SEQUENCE public.auth_user_user_permissions_id_seq
    AS integer
    START WITH 1
    INCREMENT BY 1
    NO MINVALUE
    NO MAXVALUE
    CACHE 1;


ALTER TABLE public.auth_user_user_permissions_id_seq OWNER TO postgres;

--
-- Name: auth_user_user_permissions_id_seq; Type: SEQUENCE OWNED BY; Schema: public; Owner: postgres
--

ALTER SEQUENCE public.auth_user_user_permissions_id_seq OWNED BY public.auth_user_user_permissions.id;


--
-- Name: celery_taskmeta; Type: TABLE; Schema: public; Owner: postgres
--

CREATE TABLE public.celery_taskmeta (
    id integer NOT NULL,
    task_id character varying(255) NOT NULL,
    status character varying(50) NOT NULL,
    result text,
    date_done timestamp with time zone NOT NULL,
    traceback text,
    hidden boolean NOT NULL,
    meta text
);


ALTER TABLE public.celery_taskmeta OWNER TO postgres;

--
-- Name: celery_taskmeta_id_seq; Type: SEQUENCE; Schema: public; Owner: postgres
--

CREATE SEQUENCE public.celery_taskmeta_id_seq
    AS integer
    START WITH 1
    INCREMENT BY 1
    NO MINVALUE
    NO MAXVALUE
    CACHE 1;


ALTER TABLE public.celery_taskmeta_id_seq OWNER TO postgres;

--
-- Name: celery_taskmeta_id_seq; Type: SEQUENCE OWNED BY; Schema: public; Owner: postgres
--

ALTER SEQUENCE public.celery_taskmeta_id_seq OWNED BY public.celery_taskmeta.id;


--
-- Name: celery_tasksetmeta; Type: TABLE; Schema: public; Owner: postgres
--

CREATE TABLE public.celery_tasksetmeta (
    id integer NOT NULL,
    taskset_id character varying(255) NOT NULL,
    result text NOT NULL,
    date_done timestamp with time zone NOT NULL,
    hidden boolean NOT NULL
);


ALTER TABLE public.celery_tasksetmeta OWNER TO postgres;

--
-- Name: celery_tasksetmeta_id_seq; Type: SEQUENCE; Schema: public; Owner: postgres
--

CREATE SEQUENCE public.celery_tasksetmeta_id_seq
    AS integer
    START WITH 1
    INCREMENT BY 1
    NO MINVALUE
    NO MAXVALUE
    CACHE 1;


ALTER TABLE public.celery_tasksetmeta_id_seq OWNER TO postgres;

--
-- Name: celery_tasksetmeta_id_seq; Type: SEQUENCE OWNED BY; Schema: public; Owner: postgres
--

ALTER SEQUENCE public.celery_tasksetmeta_id_seq OWNED BY public.celery_tasksetmeta.id;


--
-- Name: django_admin_log; Type: TABLE; Schema: public; Owner: postgres
--

CREATE TABLE public.django_admin_log (
    id integer NOT NULL,
    action_time timestamp with time zone NOT NULL,
    object_id text,
    object_repr character varying(200) NOT NULL,
    action_flag smallint NOT NULL,
    change_message text NOT NULL,
    content_type_id integer,
    user_id integer NOT NULL,
    CONSTRAINT django_admin_log_action_flag_check CHECK ((action_flag >= 0))
);


ALTER TABLE public.django_admin_log OWNER TO postgres;

--
-- Name: django_admin_log_id_seq; Type: SEQUENCE; Schema: public; Owner: postgres
--

CREATE SEQUENCE public.django_admin_log_id_seq
    AS integer
    START WITH 1
    INCREMENT BY 1
    NO MINVALUE
    NO MAXVALUE
    CACHE 1;


ALTER TABLE public.django_admin_log_id_seq OWNER TO postgres;

--
-- Name: django_admin_log_id_seq; Type: SEQUENCE OWNED BY; Schema: public; Owner: postgres
--

ALTER SEQUENCE public.django_admin_log_id_seq OWNED BY public.django_admin_log.id;


--
-- Name: django_content_type; Type: TABLE; Schema: public; Owner: postgres
--

CREATE TABLE public.django_content_type (
    id integer NOT NULL,
    app_label character varying(100) NOT NULL,
    model character varying(100) NOT NULL
);


ALTER TABLE public.django_content_type OWNER TO postgres;

--
-- Name: django_content_type_id_seq; Type: SEQUENCE; Schema: public; Owner: postgres
--

CREATE SEQUENCE public.django_content_type_id_seq
    AS integer
    START WITH 1
    INCREMENT BY 1
    NO MINVALUE
    NO MAXVALUE
    CACHE 1;


ALTER TABLE public.django_content_type_id_seq OWNER TO postgres;

--
-- Name: django_content_type_id_seq; Type: SEQUENCE OWNED BY; Schema: public; Owner: postgres
--

ALTER SEQUENCE public.django_content_type_id_seq OWNED BY public.django_content_type.id;


--
-- Name: django_migrations; Type: TABLE; Schema: public; Owner: postgres
--

CREATE TABLE public.django_migrations (
    id integer NOT NULL,
    app character varying(255) NOT NULL,
    name character varying(255) NOT NULL,
    applied timestamp with time zone NOT NULL
);


ALTER TABLE public.django_migrations OWNER TO postgres;

--
-- Name: django_migrations_id_seq; Type: SEQUENCE; Schema: public; Owner: postgres
--

CREATE SEQUENCE public.django_migrations_id_seq
    AS integer
    START WITH 1
    INCREMENT BY 1
    NO MINVALUE
    NO MAXVALUE
    CACHE 1;


ALTER TABLE public.django_migrations_id_seq OWNER TO postgres;

--
-- Name: django_migrations_id_seq; Type: SEQUENCE OWNED BY; Schema: public; Owner: postgres
--

ALTER SEQUENCE public.django_migrations_id_seq OWNED BY public.django_migrations.id;


--
-- Name: django_session; Type: TABLE; Schema: public; Owner: postgres
--

CREATE TABLE public.django_session (
    session_key character varying(40) NOT NULL,
    session_data text NOT NULL,
    expire_date timestamp with time zone NOT NULL
);


ALTER TABLE public.django_session OWNER TO postgres;

--
-- Name: djcelery_crontabschedule; Type: TABLE; Schema: public; Owner: postgres
--

CREATE TABLE public.djcelery_crontabschedule (
    id integer NOT NULL,
    minute character varying(64) NOT NULL,
    hour character varying(64) NOT NULL,
    day_of_week character varying(64) NOT NULL,
    day_of_month character varying(64) NOT NULL,
    month_of_year character varying(64) NOT NULL
);


ALTER TABLE public.djcelery_crontabschedule OWNER TO postgres;

--
-- Name: djcelery_crontabschedule_id_seq; Type: SEQUENCE; Schema: public; Owner: postgres
--

CREATE SEQUENCE public.djcelery_crontabschedule_id_seq
    AS integer
    START WITH 1
    INCREMENT BY 1
    NO MINVALUE
    NO MAXVALUE
    CACHE 1;


ALTER TABLE public.djcelery_crontabschedule_id_seq OWNER TO postgres;

--
-- Name: djcelery_crontabschedule_id_seq; Type: SEQUENCE OWNED BY; Schema: public; Owner: postgres
--

ALTER SEQUENCE public.djcelery_crontabschedule_id_seq OWNED BY public.djcelery_crontabschedule.id;


--
-- Name: djcelery_intervalschedule; Type: TABLE; Schema: public; Owner: postgres
--

CREATE TABLE public.djcelery_intervalschedule (
    id integer NOT NULL,
    every integer NOT NULL,
    period character varying(24) NOT NULL
);


ALTER TABLE public.djcelery_intervalschedule OWNER TO postgres;

--
-- Name: djcelery_intervalschedule_id_seq; Type: SEQUENCE; Schema: public; Owner: postgres
--

CREATE SEQUENCE public.djcelery_intervalschedule_id_seq
    AS integer
    START WITH 1
    INCREMENT BY 1
    NO MINVALUE
    NO MAXVALUE
    CACHE 1;


ALTER TABLE public.djcelery_intervalschedule_id_seq OWNER TO postgres;

--
-- Name: djcelery_intervalschedule_id_seq; Type: SEQUENCE OWNED BY; Schema: public; Owner: postgres
--

ALTER SEQUENCE public.djcelery_intervalschedule_id_seq OWNED BY public.djcelery_intervalschedule.id;


--
-- Name: djcelery_periodictask; Type: TABLE; Schema: public; Owner: postgres
--

CREATE TABLE public.djcelery_periodictask (
    id integer NOT NULL,
    name character varying(200) NOT NULL,
    task character varying(200) NOT NULL,
    args text NOT NULL,
    kwargs text NOT NULL,
    queue character varying(200),
    exchange character varying(200),
    routing_key character varying(200),
    expires timestamp with time zone,
    enabled boolean NOT NULL,
    last_run_at timestamp with time zone,
    total_run_count integer NOT NULL,
    date_changed timestamp with time zone NOT NULL,
    description text NOT NULL,
    crontab_id integer,
    interval_id integer,
    CONSTRAINT djcelery_periodictask_total_run_count_check CHECK ((total_run_count >= 0))
);


ALTER TABLE public.djcelery_periodictask OWNER TO postgres;

--
-- Name: djcelery_periodictask_id_seq; Type: SEQUENCE; Schema: public; Owner: postgres
--

CREATE SEQUENCE public.djcelery_periodictask_id_seq
    AS integer
    START WITH 1
    INCREMENT BY 1
    NO MINVALUE
    NO MAXVALUE
    CACHE 1;


ALTER TABLE public.djcelery_periodictask_id_seq OWNER TO postgres;

--
-- Name: djcelery_periodictask_id_seq; Type: SEQUENCE OWNED BY; Schema: public; Owner: postgres
--

ALTER SEQUENCE public.djcelery_periodictask_id_seq OWNED BY public.djcelery_periodictask.id;


--
-- Name: djcelery_periodictasks; Type: TABLE; Schema: public; Owner: postgres
--

CREATE TABLE public.djcelery_periodictasks (
    ident smallint NOT NULL,
    last_update timestamp with time zone NOT NULL
);


ALTER TABLE public.djcelery_periodictasks OWNER TO postgres;

--
-- Name: djcelery_taskstate; Type: TABLE; Schema: public; Owner: postgres
--

CREATE TABLE public.djcelery_taskstate (
    id integer NOT NULL,
    state character varying(64) NOT NULL,
    task_id character varying(36) NOT NULL,
    name character varying(200),
    tstamp timestamp with time zone NOT NULL,
    args text,
    kwargs text,
    eta timestamp with time zone,
    expires timestamp with time zone,
    result text,
    traceback text,
    runtime double precision,
    retries integer NOT NULL,
    hidden boolean NOT NULL,
    worker_id integer
);


ALTER TABLE public.djcelery_taskstate OWNER TO postgres;

--
-- Name: djcelery_taskstate_id_seq; Type: SEQUENCE; Schema: public; Owner: postgres
--

CREATE SEQUENCE public.djcelery_taskstate_id_seq
    AS integer
    START WITH 1
    INCREMENT BY 1
    NO MINVALUE
    NO MAXVALUE
    CACHE 1;


ALTER TABLE public.djcelery_taskstate_id_seq OWNER TO postgres;

--
-- Name: djcelery_taskstate_id_seq; Type: SEQUENCE OWNED BY; Schema: public; Owner: postgres
--

ALTER SEQUENCE public.djcelery_taskstate_id_seq OWNED BY public.djcelery_taskstate.id;


--
-- Name: djcelery_workerstate; Type: TABLE; Schema: public; Owner: postgres
--

CREATE TABLE public.djcelery_workerstate (
    id integer NOT NULL,
    hostname character varying(255) NOT NULL,
    last_heartbeat timestamp with time zone
);


ALTER TABLE public.djcelery_workerstate OWNER TO postgres;

--
-- Name: djcelery_workerstate_id_seq; Type: SEQUENCE; Schema: public; Owner: postgres
--

CREATE SEQUENCE public.djcelery_workerstate_id_seq
    AS integer
    START WITH 1
    INCREMENT BY 1
    NO MINVALUE
    NO MAXVALUE
    CACHE 1;


ALTER TABLE public.djcelery_workerstate_id_seq OWNER TO postgres;

--
-- Name: djcelery_workerstate_id_seq; Type: SEQUENCE OWNED BY; Schema: public; Owner: postgres
--

ALTER SEQUENCE public.djcelery_workerstate_id_seq OWNED BY public.djcelery_workerstate.id;


--
-- Name: mlm_group; Type: TABLE; Schema: public; Owner: postgres
--

CREATE TABLE public.mlm_group (
    id integer NOT NULL,
    created_on timestamp with time zone,
    last_updated_on timestamp with time zone,
    created_by character varying(60),
    last_updated_by character varying(60),
    user_id integer NOT NULL
);


ALTER TABLE public.mlm_group OWNER TO postgres;

--
-- Name: mlm_group_id_seq; Type: SEQUENCE; Schema: public; Owner: postgres
--

CREATE SEQUENCE public.mlm_group_id_seq
    AS integer
    START WITH 1
    INCREMENT BY 1
    NO MINVALUE
    NO MAXVALUE
    CACHE 1;


ALTER TABLE public.mlm_group_id_seq OWNER TO postgres;

--
-- Name: mlm_group_id_seq; Type: SEQUENCE OWNED BY; Schema: public; Owner: postgres
--

ALTER SEQUENCE public.mlm_group_id_seq OWNED BY public.mlm_group.id;


--
-- Name: mlm_invite; Type: TABLE; Schema: public; Owner: postgres
--

CREATE TABLE public.mlm_invite (
    id integer NOT NULL,
    created_on timestamp with time zone,
    last_updated_on timestamp with time zone,
    created_by character varying(60),
    last_updated_by character varying(60),
    status character varying(20) NOT NULL,
    email character varying(255) NOT NULL,
    user_id integer NOT NULL
);


ALTER TABLE public.mlm_invite OWNER TO postgres;

--
-- Name: mlm_invite_id_seq; Type: SEQUENCE; Schema: public; Owner: postgres
--

CREATE SEQUENCE public.mlm_invite_id_seq
    AS integer
    START WITH 1
    INCREMENT BY 1
    NO MINVALUE
    NO MAXVALUE
    CACHE 1;


ALTER TABLE public.mlm_invite_id_seq OWNER TO postgres;

--
-- Name: mlm_invite_id_seq; Type: SEQUENCE OWNED BY; Schema: public; Owner: postgres
--

ALTER SEQUENCE public.mlm_invite_id_seq OWNED BY public.mlm_invite.id;


--
-- Name: mlm_notification; Type: TABLE; Schema: public; Owner: postgres
--

CREATE TABLE public.mlm_notification (
    id integer NOT NULL,
    last_updated_on timestamp with time zone,
    created_by character varying(60),
    last_updated_by character varying(60),
    is_to_admin boolean NOT NULL,
    subject character varying(150) NOT NULL,
    message text NOT NULL,
    status character varying(20) NOT NULL,
    created_on timestamp with time zone NOT NULL,
    from_user_id integer,
    to_user_id integer,
    tag character varying(30) NOT NULL
);


ALTER TABLE public.mlm_notification OWNER TO postgres;

--
-- Name: mlm_payment_id_seq; Type: SEQUENCE; Schema: public; Owner: postgres
--

CREATE SEQUENCE public.mlm_payment_id_seq
    AS integer
    START WITH 1
    INCREMENT BY 1
    NO MINVALUE
    NO MAXVALUE
    CACHE 1;


ALTER TABLE public.mlm_payment_id_seq OWNER TO postgres;

--
-- Name: mlm_payment_id_seq; Type: SEQUENCE OWNED BY; Schema: public; Owner: postgres
--

ALTER SEQUENCE public.mlm_payment_id_seq OWNED BY public.mlm_notification.id;


--
-- Name: mlm_user_hierarchy; Type: TABLE; Schema: public; Owner: postgres
--

CREATE TABLE public.mlm_user_hierarchy (
    id integer NOT NULL,
    created_on timestamp with time zone,
    last_updated_on timestamp with time zone,
    created_by character varying(60),
    last_updated_by character varying(60),
    parent_user_id integer NOT NULL,
    user_id integer NOT NULL,
    course integer NOT NULL
);


ALTER TABLE public.mlm_user_hierarchy OWNER TO postgres;

--
-- Name: mlm_user_hierarchy_id_seq; Type: SEQUENCE; Schema: public; Owner: postgres
--

CREATE SEQUENCE public.mlm_user_hierarchy_id_seq
    AS integer
    START WITH 1
    INCREMENT BY 1
    NO MINVALUE
    NO MAXVALUE
    CACHE 1;


ALTER TABLE public.mlm_user_hierarchy_id_seq OWNER TO postgres;

--
-- Name: mlm_user_hierarchy_id_seq; Type: SEQUENCE OWNED BY; Schema: public; Owner: postgres
--

ALTER SEQUENCE public.mlm_user_hierarchy_id_seq OWNED BY public.mlm_user_hierarchy.id;


--
-- Name: mlm_user_profile; Type: TABLE; Schema: public; Owner: postgres
--

CREATE TABLE public.mlm_user_profile (
    id integer NOT NULL,
    created_on timestamp with time zone,
    last_updated_on timestamp with time zone,
    created_by character varying(60),
    last_updated_by character varying(60),
    mobile character varying(20),
    picture character varying(100),
    designation character varying(60) NOT NULL,
    prefix character varying(20),
    payment_status character varying(20) NOT NULL,
    user_id integer NOT NULL,
    course integer NOT NULL,
    "group" integer NOT NULL,
    hr_tree jsonb,
    is_manual_signup boolean DEFAULT false
);


ALTER TABLE public.mlm_user_profile OWNER TO postgres;

--
-- Name: mlm_user_profile_id_seq; Type: SEQUENCE; Schema: public; Owner: postgres
--

CREATE SEQUENCE public.mlm_user_profile_id_seq
    AS integer
    START WITH 1
    INCREMENT BY 1
    NO MINVALUE
    NO MAXVALUE
    CACHE 1;


ALTER TABLE public.mlm_user_profile_id_seq OWNER TO postgres;

--
-- Name: mlm_user_profile_id_seq; Type: SEQUENCE OWNED BY; Schema: public; Owner: postgres
--

ALTER SEQUENCE public.mlm_user_profile_id_seq OWNED BY public.mlm_user_profile.id;


--
-- Name: auth_group id; Type: DEFAULT; Schema: public; Owner: postgres
--

ALTER TABLE ONLY public.auth_group ALTER COLUMN id SET DEFAULT nextval('public.auth_group_id_seq'::regclass);


--
-- Name: auth_group_permissions id; Type: DEFAULT; Schema: public; Owner: postgres
--

ALTER TABLE ONLY public.auth_group_permissions ALTER COLUMN id SET DEFAULT nextval('public.auth_group_permissions_id_seq'::regclass);


--
-- Name: auth_permission id; Type: DEFAULT; Schema: public; Owner: postgres
--

ALTER TABLE ONLY public.auth_permission ALTER COLUMN id SET DEFAULT nextval('public.auth_permission_id_seq'::regclass);


--
-- Name: auth_user id; Type: DEFAULT; Schema: public; Owner: postgres
--

ALTER TABLE ONLY public.auth_user ALTER COLUMN id SET DEFAULT nextval('public.auth_user_id_seq'::regclass);


--
-- Name: auth_user_groups id; Type: DEFAULT; Schema: public; Owner: postgres
--

ALTER TABLE ONLY public.auth_user_groups ALTER COLUMN id SET DEFAULT nextval('public.auth_user_groups_id_seq'::regclass);


--
-- Name: auth_user_user_permissions id; Type: DEFAULT; Schema: public; Owner: postgres
--

ALTER TABLE ONLY public.auth_user_user_permissions ALTER COLUMN id SET DEFAULT nextval('public.auth_user_user_permissions_id_seq'::regclass);


--
-- Name: celery_taskmeta id; Type: DEFAULT; Schema: public; Owner: postgres
--

ALTER TABLE ONLY public.celery_taskmeta ALTER COLUMN id SET DEFAULT nextval('public.celery_taskmeta_id_seq'::regclass);


--
-- Name: celery_tasksetmeta id; Type: DEFAULT; Schema: public; Owner: postgres
--

ALTER TABLE ONLY public.celery_tasksetmeta ALTER COLUMN id SET DEFAULT nextval('public.celery_tasksetmeta_id_seq'::regclass);


--
-- Name: django_admin_log id; Type: DEFAULT; Schema: public; Owner: postgres
--

ALTER TABLE ONLY public.django_admin_log ALTER COLUMN id SET DEFAULT nextval('public.django_admin_log_id_seq'::regclass);


--
-- Name: django_content_type id; Type: DEFAULT; Schema: public; Owner: postgres
--

ALTER TABLE ONLY public.django_content_type ALTER COLUMN id SET DEFAULT nextval('public.django_content_type_id_seq'::regclass);


--
-- Name: django_migrations id; Type: DEFAULT; Schema: public; Owner: postgres
--

ALTER TABLE ONLY public.django_migrations ALTER COLUMN id SET DEFAULT nextval('public.django_migrations_id_seq'::regclass);


--
-- Name: djcelery_crontabschedule id; Type: DEFAULT; Schema: public; Owner: postgres
--

ALTER TABLE ONLY public.djcelery_crontabschedule ALTER COLUMN id SET DEFAULT nextval('public.djcelery_crontabschedule_id_seq'::regclass);


--
-- Name: djcelery_intervalschedule id; Type: DEFAULT; Schema: public; Owner: postgres
--

ALTER TABLE ONLY public.djcelery_intervalschedule ALTER COLUMN id SET DEFAULT nextval('public.djcelery_intervalschedule_id_seq'::regclass);


--
-- Name: djcelery_periodictask id; Type: DEFAULT; Schema: public; Owner: postgres
--

ALTER TABLE ONLY public.djcelery_periodictask ALTER COLUMN id SET DEFAULT nextval('public.djcelery_periodictask_id_seq'::regclass);


--
-- Name: djcelery_taskstate id; Type: DEFAULT; Schema: public; Owner: postgres
--

ALTER TABLE ONLY public.djcelery_taskstate ALTER COLUMN id SET DEFAULT nextval('public.djcelery_taskstate_id_seq'::regclass);


--
-- Name: djcelery_workerstate id; Type: DEFAULT; Schema: public; Owner: postgres
--

ALTER TABLE ONLY public.djcelery_workerstate ALTER COLUMN id SET DEFAULT nextval('public.djcelery_workerstate_id_seq'::regclass);


--
-- Name: mlm_group id; Type: DEFAULT; Schema: public; Owner: postgres
--

ALTER TABLE ONLY public.mlm_group ALTER COLUMN id SET DEFAULT nextval('public.mlm_group_id_seq'::regclass);


--
-- Name: mlm_invite id; Type: DEFAULT; Schema: public; Owner: postgres
--

ALTER TABLE ONLY public.mlm_invite ALTER COLUMN id SET DEFAULT nextval('public.mlm_invite_id_seq'::regclass);


--
-- Name: mlm_notification id; Type: DEFAULT; Schema: public; Owner: postgres
--

ALTER TABLE ONLY public.mlm_notification ALTER COLUMN id SET DEFAULT nextval('public.mlm_payment_id_seq'::regclass);


--
-- Name: mlm_user_hierarchy id; Type: DEFAULT; Schema: public; Owner: postgres
--

ALTER TABLE ONLY public.mlm_user_hierarchy ALTER COLUMN id SET DEFAULT nextval('public.mlm_user_hierarchy_id_seq'::regclass);


--
-- Name: mlm_user_profile id; Type: DEFAULT; Schema: public; Owner: postgres
--

ALTER TABLE ONLY public.mlm_user_profile ALTER COLUMN id SET DEFAULT nextval('public.mlm_user_profile_id_seq'::regclass);


--
-- Data for Name: auth_group; Type: TABLE DATA; Schema: public; Owner: postgres
--

COPY public.auth_group (id, name) FROM stdin;
\.


--
-- Data for Name: auth_group_permissions; Type: TABLE DATA; Schema: public; Owner: postgres
--

COPY public.auth_group_permissions (id, group_id, permission_id) FROM stdin;
\.


--
-- Data for Name: auth_permission; Type: TABLE DATA; Schema: public; Owner: postgres
--

COPY public.auth_permission (id, name, content_type_id, codename) FROM stdin;
1	Can add log entry	1	add_logentry
2	Can change log entry	1	change_logentry
3	Can delete log entry	1	delete_logentry
4	Can view log entry	1	view_logentry
5	Can add permission	2	add_permission
6	Can change permission	2	change_permission
7	Can delete permission	2	delete_permission
8	Can view permission	2	view_permission
9	Can add group	3	add_group
10	Can change group	3	change_group
11	Can delete group	3	delete_group
12	Can view group	3	view_group
13	Can add user	4	add_user
14	Can change user	4	change_user
15	Can delete user	4	delete_user
16	Can view user	4	view_user
17	Can add content type	5	add_contenttype
18	Can change content type	5	change_contenttype
19	Can delete content type	5	delete_contenttype
20	Can view content type	5	view_contenttype
21	Can add session	6	add_session
22	Can change session	6	change_session
23	Can delete session	6	delete_session
24	Can view session	6	view_session
25	Can add user profile	7	add_userprofile
26	Can change user profile	7	change_userprofile
27	Can delete user profile	7	delete_userprofile
28	Can view user profile	7	view_userprofile
29	Can add invite	8	add_invite
30	Can change invite	8	change_invite
31	Can delete invite	8	delete_invite
32	Can view invite	8	view_invite
33	Can add user hierarchy	9	add_userhierarchy
34	Can change user hierarchy	9	change_userhierarchy
35	Can delete user hierarchy	9	delete_userhierarchy
36	Can view user hierarchy	9	view_userhierarchy
37	Can add crontab	10	add_crontabschedule
38	Can change crontab	10	change_crontabschedule
39	Can delete crontab	10	delete_crontabschedule
40	Can view crontab	10	view_crontabschedule
41	Can add interval	11	add_intervalschedule
42	Can change interval	11	change_intervalschedule
43	Can delete interval	11	delete_intervalschedule
44	Can view interval	11	view_intervalschedule
45	Can add periodic task	12	add_periodictask
46	Can change periodic task	12	change_periodictask
47	Can delete periodic task	12	delete_periodictask
48	Can view periodic task	12	view_periodictask
49	Can add periodic tasks	13	add_periodictasks
50	Can change periodic tasks	13	change_periodictasks
51	Can delete periodic tasks	13	delete_periodictasks
52	Can view periodic tasks	13	view_periodictasks
53	Can add task state	14	add_taskmeta
54	Can change task state	14	change_taskmeta
55	Can delete task state	14	delete_taskmeta
56	Can view task state	14	view_taskmeta
57	Can add saved group result	15	add_tasksetmeta
58	Can change saved group result	15	change_tasksetmeta
59	Can delete saved group result	15	delete_tasksetmeta
60	Can view saved group result	15	view_tasksetmeta
61	Can add task	16	add_taskstate
62	Can change task	16	change_taskstate
63	Can delete task	16	delete_taskstate
64	Can view task	16	view_taskstate
65	Can add worker	17	add_workerstate
66	Can change worker	17	change_workerstate
67	Can delete worker	17	delete_workerstate
68	Can view worker	17	view_workerstate
69	Can add group	18	add_group
70	Can change group	18	change_group
71	Can delete group	18	delete_group
72	Can view group	18	view_group
\.


--
-- Data for Name: auth_user; Type: TABLE DATA; Schema: public; Owner: postgres
--

COPY public.auth_user (id, password, last_login, is_superuser, username, first_name, last_name, email, is_staff, is_active, date_joined) FROM stdin;
28	pbkdf2_sha256$216000$A7PVNN075z83$mE8SnKup3U2ZUhuNgekX/MfIj346RcJ+Qu6ZS06WOPg=	\N	t	kannan			kannan.p@gnapitech.com	t	t	2020-10-26 10:43:42.744914+00
45	pbkdf2_sha256$216000$AFh9rPX27jJL$0To82tbPgJg7AKCgLAySZYzxQgkgjWKjYXY4qE4sTPg=	2020-11-19 00:30:39.634963+00	f	alisa.prosper2025@outlook.com	Alisa	P	alisa.prosper2025@outlook.com	f	t	2020-10-29 06:24:26.744888+00
57	pbkdf2_sha256$216000$ayJpFLaK9aCB$TQWATDUzsJ8Kvjm6dln1FpyvAfSylU7wBUd9rdYtuEI=	2020-11-19 13:10:12.033897+00	f	tajaun01@gmail.com	Rina	Rina	tajaun01@gmail.com	f	t	2020-10-29 15:18:06.267548+00
66	pbkdf2_sha256$216000$ydEARoqH0nsv$U1hAyxJas+UROsA+k2S6RA5IAi1CF8tEwqpk/yPn0GQ=	2020-11-19 13:42:07.61819+00	f	apollonia.violenus@gmail.com	Apollonia 	Violenus	apollonia.violenus@gmail.com	f	t	2020-10-29 17:02:54.832683+00
37	pbkdf2_sha256$216000$aVJ7KRu42J6z$AuJu/hrUXG67TeaDEwH6Chn3uejlrbkJ9FsNh0+YsXQ=	2020-11-21 21:22:12.763323+00	f	fiveislands41@hotmail.com	Zee	Zee	fiveislands41@hotmail.com	f	t	2020-10-29 06:07:37.385456+00
68	pbkdf2_sha256$216000$fQUKR3fbHhOB$kRR8KQRmWNXKIDRTtIi9Uojqz5gIzbfSKsKfrVtER4Q=	2020-11-24 15:30:57.324138+00	f	chadillanotais@hotmail.com	Chadilla	Notais	chadillanotais@hotmail.com	f	t	2020-10-29 17:06:21.399971+00
55	pbkdf2_sha256$216000$YBrXlPra4wIP$D4qHbexvoli7rEf2DI4dJ3O6KmEgA6sZAeZtur9E6OA=	2020-11-23 11:13:49.65672+00	f	ssbenoit.sb@gmail.com	Shaleen	Benoit	ssbenoit.sb@gmail.com	f	t	2020-10-29 15:03:29+00
60	pbkdf2_sha256$216000$PARqimSuXKvO$ypQkXaFoUCeutvYNZeGe/A/6v9LWW4vz42maBZmnlLI=	2020-11-23 14:12:29.06161+00	f	orieloriel2020@gmail.com	Oriel	Oriel	orieloriel2020@gmail.com	f	t	2020-10-29 15:29:30.388652+00
44	pbkdf2_sha256$216000$b1hlkXAlljGN$knxMWocNpL1K/9txlup3iR6wdxBWd2Bkx92JKKHFBw8=	2020-11-29 03:09:03.851958+00	f	vivianedeweever@gmail.com	Viviane	D	vivianedeweever@gmail.com	f	t	2020-10-29 06:22:37.543786+00
56	pbkdf2_sha256$216000$QsayqTvIb99w$MjYZYTsFa0qC81gVBNAhj0x94ZD1wzIJ+SNwL4YgjAU=	2020-11-23 14:13:27.229139+00	f	john1john2030@gmail.com	John	John	john1john2030@gmail.com	f	t	2020-10-29 15:15:12.372013+00
39	pbkdf2_sha256$216000$w6u2DP8mt4wa$umnEUhuoiAyIejGPqz78AqiQMbNJZTrOcwAYX2lRlKU=	2020-11-25 01:54:40.932819+00	f	benjamin.corporation@gmail.com	Eric	Eric	benjamin.corporation@gmail.com	f	t	2020-10-29 06:12:03.906943+00
27	pbkdf2_sha256$216000$IRMgZdV5I5la$zu7HiEMK/Tnk9JEe2xqF85XJqpyL7Aip626aVmGuYmc=	2020-11-28 16:15:25.065013+00	t	admin			admin@mlm.com	t	t	2020-10-26 10:43:08.722708+00
1	pbkdf2_sha256$216000$FqpEWvROlGXI$8kcfYeZ7xOYHIDNXJJ2ISm/hFYHqIpt9yPWsLoNu4Eg=	2020-10-26 10:40:23.131288+00	t	vinoth			vinoth@gnapitech.com	t	t	2020-10-21 08:22:07+00
61	pbkdf2_sha256$216000$FbpqTLHPEo6y$Oc6iFC8BqURx3mB3RUf5pdnnLJnYRq3TesFruMpbhTk=	2020-11-12 12:32:36.234733+00	f	constantkmc@gmail.com	Melissa	Constant	constantkmc@gmail.com	f	t	2020-10-29 15:30:54.919077+00
49	pbkdf2_sha256$216000$wzEVwRuqUIi8$woSkhLgXWa0edgVhizmUSKvHamkJUXHbTzJBGuuRqJY=	2020-10-29 13:36:24.948384+00	f	wilmal2021@gmail.com	Wilma	L	wilmal2021@gmail.com	f	t	2020-10-29 13:25:40.254251+00
62	pbkdf2_sha256$216000$DhqKwO50GgN1$7nf0mPQwH/jvQwIF+6ge5WswUlkP4w7XcdZFvKSBu+U=	\N	f	carlyncarlyn2020@gmail.com	Carlyn	Carlyn	carlyncarlyn2020@gmail.com	f	t	2020-10-29 15:35:27+00
36	pbkdf2_sha256$216000$TWS3c9CUu2Xq$JmgE1CqrYDLeJ0y5OMrNelnluGyUmmCVz0wwyl4zJfM=	2020-11-11 17:10:05.259778+00	f	babiej19@hotmail.com	Jacky	Jacky	babiej19@hotmail.com	f	t	2020-10-29 06:06:14.179586+00
67	pbkdf2_sha256$216000$8TPWLmy7t9Da$OcUhcyzl5beNTL/0iNfO6i5SubwP2YkUy36ksTkd0G8=	2020-11-11 16:15:39.93886+00	f	prinella1@hotmail.com	Alia	Mathew-Young	prinella1@hotmail.com	f	t	2020-10-29 17:04:12.917386+00
40	pbkdf2_sha256$216000$QXxPzdpMZcNa$coXeOSTN0UJocV/NhDvjAtXWdFv31XbT/mgZyarkT7w=	\N	f	titusmaynard@hotmail.com	Titus	Titus	titusmaynard@hotmail.com	f	t	2020-10-29 06:13:27.247994+00
41	pbkdf2_sha256$216000$smnouE4JxjPr$VSej5Krm1D9DkJ9dA5hVAFH0wAg8Cmq6LSK2b2soUwM=	\N	f	jimmy202020200@gmail.com	Jimmy	Jimmy	jimmy202020200@gmail.com	f	t	2020-10-29 06:18:23.130714+00
43	pbkdf2_sha256$216000$AN8NnnEQOk0M$KnK8yl3ZzaG0MiHc0tqbtkNXfnJsd5tzydY7gAV9E74=	\N	f	angeline.trene@signatureflight.com	Angie	T	angeline.trene@signatureflight.com	f	t	2020-10-29 06:21:38.215242+00
32	pbkdf2_sha256$216000$LSuZNJFDUDTB$OEtdvj1U0UGKwP+bbgovD/zSnJ0SINsyWCVHaZo1Kx4=	2020-11-11 17:21:15.470957+00	f	chard@excluzeev.com	C	J	chard@excluzeev.com	f	t	2020-10-29 05:42:44+00
46	pbkdf2_sha256$216000$uFnIVCc8Nhtc$zXjNOdg1eoESS3GJ/q2K4NzWECb++3p21c6eiFZGO0I=	\N	f	Lennardslivery@gmail.com	Lennard	B	Lennardslivery@gmail.com	f	t	2020-10-29 06:26:02.086416+00
48	pbkdf2_sha256$216000$eDfZZRrim1j2$Tcg2qaBB5Tp+o0/LFvVpj4B/cFBCTlUjdIx6Bi5foTo=	2020-11-17 00:31:22.949092+00	f	beverly.richardson1705@gmail.com	Beverly	R	beverly.richardson1705@gmail.com	f	t	2020-10-29 13:18:12.883616+00
47	pbkdf2_sha256$216000$rlHGGYertCRn$XPieULZbLBj2CbCH/iDlS7QIJMR3Iu1nGKA82nRacFo=	2020-11-03 21:02:33.295334+00	f	bmarieclaude58@gmail.com	Marie	Claude	bmarieclaude58@gmail.com	f	t	2020-10-29 13:07:12+00
38	pbkdf2_sha256$216000$N5PFf15J5LUS$cjKuNZj6TRiWdflJugKNFqSGgTGILwojEghImDZF8wM=	2020-11-04 12:31:07.287834+00	f	cassyann_18@outlook.com	Cassandra	Cassandra	cassyann_18@outlook.com	f	t	2020-10-29 06:08:49.919581+00
50	pbkdf2_sha256$216000$HP8eVrMZPNfq$Bjbf1QSaITbk9ACaZLLP2eamjuaEwcf1nPdhYKv0u1k=	2020-11-04 02:35:57.340685+00	f	flanderscarline@gmail.com	Eloise	Flanders	flanderscarline@gmail.com	f	t	2020-10-29 14:26:56+00
34	pbkdf2_sha256$216000$C3oBqX2TwQbm$O5zIJBDm+LT+pbF5MxeU86LTye8E78LT8KyeU3Ag3iM=	2020-11-03 19:57:28.236973+00	f	mgumbs38@hotmail.com	Miranda	G	mgumbs38@hotmail.com	f	t	2020-10-29 06:03:35.418487+00
33	pbkdf2_sha256$216000$ccQQrpynGMUH$9zOgmC0566KKmzbqMC1aq8MzYwJUwt/ePO6ZfxRpK+U=	2020-11-03 15:44:28.855839+00	f	lisecoats17@gmail.com	Lise	C	lisecoats17@gmail.com	f	t	2020-10-29 06:02:05+00
52	pbkdf2_sha256$216000$rdBS9yuOhwoR$gScv/DKfRdB2EbhyCpnmMMGZIGq7I5cjUqk0QMjr4AE=	\N	f	josejoseph2023@gmail.com	Jose	Joseph	josejoseph2023@gmail.com	f	t	2020-10-29 14:57:29.69178+00
53	pbkdf2_sha256$216000$SKR1k89N4jYX$BjBWDz0oRJTOaBFr78EW80fAa0JdCjLFtV4k0ZpyoOc=	\N	f	Bwendyj84@hotmail.com	Barbara	Joseph	Bwendyj84@hotmail.com	f	t	2020-10-29 14:59:59.873191+00
35	pbkdf2_sha256$216000$e9GQ7mmdHG1e$PouUx6IE1+K6tn7qYKqFOb51ml6t+gGORRfV9FbYZzw=	2020-11-04 03:56:45.385086+00	f	dflanders@e-Computech.com	David	F	dflanders@e-computech.com	f	t	2020-10-29 06:05:09.450672+00
54	pbkdf2_sha256$216000$a25FpW4Y9waR$lHpwvdzlTfIRXYi0OyI75KUc+0IsV7rAihrv3D3gS/Q=	2020-11-04 14:02:06.335239+00	f	roan.soriano.work9@gmail.com	Roan	Soriano	roan.soriano.work9@gmail.com	f	t	2020-10-29 15:01:57.886086+00
42	pbkdf2_sha256$216000$SDdEoQJaVO3x$Xfr1RSLKrgrHLk+hV/vDGMZW+Qi8nEeEWHdsLlvFvJE=	2020-11-14 15:42:26.417595+00	f	alieyumi@gmail.com	Yumi	Yumi	alieyumi@gmail.com	f	t	2020-10-29 06:19:28.866134+00
63	pbkdf2_sha256$216000$GByli8Dw8yUR$osHM08e0orhj2fkmOFKPZLPoKJj2CMacnPojFiA76cI=	\N	f	Kenroy1973@hotmail.com	Kenroy	Jeffrey	Kenroy1973@hotmail.com	f	t	2020-10-29 15:36:58.166973+00
65	pbkdf2_sha256$216000$0yrfyasNQhgk$rlg/rwHM2OJndGNBEyYgEMSTeFsZe/F4ReUNNi6UApg=	\N	f	takeshabourne2020@gmail.com	Takesha	Bourne	takeshabourne2020@gmail.com	f	t	2020-10-29 17:00:22.875729+00
64	pbkdf2_sha256$216000$VbDtD6sqi4zd$BRTH2/xemCcLExmG/VQKadhoxUs0aVF7+zHB0bdr61c=	2020-11-04 19:07:10.366104+00	f	janicecharlemagne@gmail.com	Janice	Charlemagne	janicecharlemagne@gmail.com	f	t	2020-10-29 16:56:18.151438+00
59	pbkdf2_sha256$216000$xwYWqK8Wdd5N$ZkMCxGUgXADoeMYAJzBYicdDuMWPr8fcDMRedl7Wtnc=	2020-11-12 23:18:29.941159+00	f	bernicerichardson2020@gmail.com	Bernice	Richardson	bernicerichardson2020@gmail.com	f	t	2020-10-29 15:23:15.363537+00
70	pbkdf2_sha256$216000$Mv6rpPcwzzku$yktrNUucjsxVpbd0GSxf6t5i6RzmakhJh/KRPrzzlMM=	\N	f	sashaserrant1995@gmail.com	Star	Star	sashaserrant1995@gmail.com	f	t	2020-10-29 17:09:14.064221+00
85	pbkdf2_sha256$216000$eLqDyZtQP2jk$bcpi6k4D6RZjGhPfo5ks9BP+Dkj1K/Q217Hs4AIeGZ4=	2020-11-11 17:14:21+00	f	Fabfives1977@gmail.com	Crunch	Guy	Fabfives1977@gmail.com	f	t	2020-10-29 18:12:43+00
72	pbkdf2_sha256$216000$n33PIxXEtxtH$zlr2wRjzJm+RtKtWjfPohJjww2pJkqI0Yn29RQqXUNo=	\N	f	trackcycharlemagne2020@gmail.com	Trackcy	Charlemagne	trackcycharlemagne2020@gmail.com	f	t	2020-10-29 17:24:28.409166+00
73	pbkdf2_sha256$216000$1LCNZjI8ndRD$5Ci2GywIHHyWyIcrtGQJnnSBmQ8FnA0DXBohvRypfic=	\N	f	earlycharlemagne@gmail.com	Early	Charlemagne	earlycharlemagne@gmail.com	f	t	2020-10-29 17:25:24.437133+00
104	pbkdf2_sha256$216000$LFv5vRYAidTy$7tWhZrwhgOpetcsPlW5ZbTiZW9qW0NqdMAhIEqOUh/M=	\N	f	romanaromana20202021@gmail.com	Romana	Romana	romanaromana20202021@gmail.com	f	t	2020-10-31 06:29:04.221142+00
76	pbkdf2_sha256$216000$C3iObsCJNJoz$cD83CiOw/L6FjB5LWFCuTAmoD9EACg2fAgZ4oJIvQgg=	\N	f	leshaharrigan@gmail.com	Lesha	H	leshaharrigan@gmail.com	f	t	2020-10-29 17:35:21.833888+00
89	pbkdf2_sha256$216000$UVgaMp6N0Ibk$bb5xdjZR/J84FsDU5wVXG7o0VJEgJrrH9JwxFb4sr/c=	2020-11-09 22:28:55.933466+00	f	shawngal2020@gmail.com	Shawn	Galvani	shawngal2020@gmail.com	f	t	2020-10-29 20:21:17.528834+00
78	pbkdf2_sha256$216000$XlruJYquNA1O$y4c2HuArQv5q9ICaqcu9jyLC+vqo5fJu9AWZzp9F3cU=	\N	f	famcleod14@gmail.com	Forbes	F	famcleod14@gmail.com	f	t	2020-10-29 17:41:59.64056+00
79	pbkdf2_sha256$216000$CC37V4VEfG5G$Bk+No7rEkCAYnYvWevK+axTRjCgZ/J5OOpQKOIb9dts=	\N	f	emerlynbontiff@gmail.com	Yaris	EB	emerlynbontiff@gmail.com	f	t	2020-10-29 17:44:01.787142+00
80	pbkdf2_sha256$216000$633JeAcqAYoB$ZsG7d/9zSErfncBHRotpPy3HQk4kvNQXy8J29UgqYHQ=	\N	f	sharonsm2030@gmail.com	Sharon	SM	sharonsm2030@gmail.com	f	t	2020-10-29 17:50:58.160153+00
81	pbkdf2_sha256$216000$Xnf1DBqyF3NU$sbgKYRq1WPhRcHbjP04yMd3Y3k8og1A/9d0BTqBzXtM=	\N	f	p.cjosepht@gmail.com	Terrance	Joseph	p.cjosepht@gmail.com	f	t	2020-10-29 17:52:46.496743+00
82	pbkdf2_sha256$216000$eko7zZAdCFtR$kwJbfHQIBJJeye0mKjf03h6lMo5lM95mdV56prXSjXw=	\N	f	bradjose2020@gmail.com	Brad	Joseph	bradjose2020@gmail.com	f	t	2020-10-29 17:57:41.727748+00
93	pbkdf2_sha256$216000$iGNLMBJS3sge$oQkLUHXiG8fHeDSRxYx7lm1ciZLEiVCShTq8xCCjvtw=	2020-11-04 11:09:25.253946+00	f	kissatheodule@gmail.com	Merkissa	Theodule	kissatheodule@gmail.com	f	t	2020-10-29 20:37:21+00
90	pbkdf2_sha256$216000$xZcDM3W5ExPp$5g4hRX5zt6DE9igvGiJ7Zqc6zHtgaqfak8ZSK0qVxS8=	2020-11-07 17:12:15.978008+00	f	saincilienss2020@gmail.com	Saincilien	San	saincilienss2020@gmail.com	f	t	2020-10-29 20:28:23.847349+00
86	pbkdf2_sha256$216000$VctwygftmYdY$ELeEsMa0ILOE57aPporuogR12eKKcHNoda19k283nFk=	\N	f	edyne.edouard@gmail.com	Didean 	E	edyne.edouard@gmail.com	f	t	2020-10-29 18:13:51.35167+00
74	pbkdf2_sha256$216000$HS1g726QqUe4$zVbiLOLaNSQiQiBp6QLEMigtD/LeJlYhJQCQI7mABJw=	2020-11-23 19:14:33.82403+00	f	mbromet5@gmail.com	Miles	Miles	mbromet5@gmail.com	f	t	2020-10-29 17:28:19+00
102	pbkdf2_sha256$216000$8poj1kiONnNJ$M6T5DelHJ2vPmJlqYuhbOxmScLDdRkk4zfowLqAuPIg=	2020-11-21 21:21:01.038099+00	f	kaisha3076@gmail.com	Kaisha	B	kaisha3076@gmail.com	f	t	2020-10-31 05:36:55+00
106	pbkdf2_sha256$216000$A3fUNQh2Xp5V$hpQnKc5cKB4WLlpVHOoFaRieU8lJmbt8a47/uVX6UfU=	2020-11-13 18:44:08.854144+00	f	Richelyne26@gmail.com	Ki	Ki	Richelyne26@gmail.com	f	t	2020-10-31 06:43:51+00
91	pbkdf2_sha256$216000$uAbGxy9UXbxO$WBO0FcmNzFvtn0zCczyqLuh97RQlqsdPiLpj+0Wyp9Y=	2020-11-10 15:40:13.493889+00	f	alexisaa2200@gmail.com	Alexis	Alexis	alexisaa2200@gmail.com	f	t	2020-10-29 20:31:46.307926+00
99	pbkdf2_sha256$216000$QIcdqAkFMe47$VwuZ34KgDO2Il3aE7J4pgnN/SmZiaAFq9xsNqPdJrZ8=	2020-11-04 13:51:03.672676+00	f	missymissy20201@gmail.com	Missy	Missy	missymissy20201@gmail.com	f	t	2020-10-31 05:10:18.045623+00
77	pbkdf2_sha256$216000$rZ38vXlkgQpz$dOumddfsKvw+ahx4YK/FOq48uM9LQOO/NGRi53OqhDA=	2020-11-04 05:34:02.263089+00	f	blondellsimon@yahoo.com	Ingrid	I	blondellsimon@yahoo.com	f	t	2020-10-29 17:35:55.699994+00
98	pbkdf2_sha256$216000$PsU1X0hBLGxo$RhUO0opRHTI/bCghHWgW81sa1bacAq8Po88LsfQ3RjY=	2020-11-04 23:05:03.801139+00	f	curlyncurlyn@gmail.com	Curlyn	Cadette	curlyncurlyn@gmail.com	f	t	2020-10-31 05:05:11.013806+00
83	pbkdf2_sha256$216000$iRMdimaw88Cf$Jb6D/iFDGqR32o0IONCVxwmPFzAzJJPVHMkive4WHi4=	2020-11-30 00:55:06.942416+00	f	yfaudoas@gmail.com	Yana	F	yfaudoas@gmail.com	f	t	2020-10-29 17:58:52.401058+00
100	pbkdf2_sha256$216000$xfhCzs98bHdW$s2doJ0aXM+w7qwp+gjUo263sYmucVT2yRmcrTmqQPd0=	2020-11-25 02:02:17.669917+00	f	tsome202020@gmail.com	T-some	T-some	tsome202020@gmail.com	f	t	2020-10-31 05:19:35.895654+00
247	pbkdf2_sha256$216000$fARafVRr2AKQ$1rnaemBetmugHG2MznMGuK1lNRLhm1SvEcWRJCn+Ueo=	2020-11-18 12:38:05.440531+00	f	davidthomas41981@gmail.com	David	Thomas	davidthomas41981@gmail.com	f	t	2020-11-18 00:06:59.946184+00
96	pbkdf2_sha256$216000$qSbZlB09Fr0r$gNPIOAT3fbMEoLZeQTQ9+37Mzx8W1aj/G9y7sFkOWmc=	\N	f	sweet_antraco@yahoo.com	Thalia	T	sweet_antraco@yahoo.com	f	t	2020-10-29 21:21:10.62745+00
97	pbkdf2_sha256$216000$akgCGQyfhHDz$skjH1eXdlPQjC0bjpdGkpEyrXzaacUavcK1jUFRnO2s=	\N	f	queenq12020@gmail.com	Queen	Q	queenq12020@gmail.com	f	t	2020-10-29 21:24:25.236662+00
88	pbkdf2_sha256$216000$wM18hGjZI56Q$xx8EqCXHvR1+MXXJBmDtFHQS0gvpFj4OA2ukRP6nZ9E=	2020-11-09 23:43:41.298818+00	f	mademoisellerichardson@gmail.com	Samika	Richardson	mademoisellerichardson@gmail.com	f	t	2020-10-29 20:16:14+00
103	pbkdf2_sha256$216000$wFau41NvjygM$8nklPTfqFcs8nvyTzrwHPhw47PepTd743Ps6tKHdvjE=	2020-11-07 13:46:44.818773+00	f	cbblackrose974@gmail.com	Jolanda	Jolanda	cbblackrose974@gmail.com	f	t	2020-10-31 05:51:50.097579+00
167	pbkdf2_sha256$216000$BOLrIzwLaAlQ$AAe5yHSTl8MBngUYkENpl+FC1L8FpoQYy4eXVtdMQMQ=	2020-11-19 11:55:39.14622+00	f	beatrice.hncgms@gmail.com	Béatrice 	Piper 	beatrice.hncgms@gmail.com	f	t	2020-11-07 04:00:12.674011+00
101	pbkdf2_sha256$216000$gBY9iDQQtS0m$hB44bH6jJm5s8+r5BOMRiMdyoXJ1nxrjce/i+opY4NE=	\N	f	hendersonhenderson2020@gmail.com	Henderson	Henderson	hendersonhenderson2020@gmail.com	f	t	2020-10-31 05:31:09.236427+00
69	pbkdf2_sha256$216000$TgvGaHpvnWct$conFihBTd24Z2PRHCz64XzyuMxYunQAxCsULQ92jzSM=	2020-11-21 18:24:45.66675+00	f	josette_72@hotmail.com	Josette	Jeanjacques	josette_72@hotmail.com	f	t	2020-10-29 17:08:02.453491+00
71	pbkdf2_sha256$216000$mIbNr7gqYAf0$BYDfvRaw29ugNGIrWO0FxtYynXlg+gvUoB6Gm0M2jfA=	2020-11-04 02:36:40.13261+00	f	theright.vipservice@gmail.com	Donrick	T	theright.vipservice@gmail.com	f	t	2020-10-29 17:10:16.339101+00
75	pbkdf2_sha256$216000$jKnTP8BuK7vY$7BeE6z3sJJsHTdzd+xdJKIWyz1c9pGSxgK+duTPEbJ0=	\N	f	zelmeramera@gmail.com	Zelmera	Zelmera	zelmeramera@gmail.com	f	t	2020-10-29 17:32:58+00
105	pbkdf2_sha256$216000$T9oLeWIE2VOs$qtPNQkhaG9IC63joxRKirQh02/eoqbGls8E+wMHhAe4=	\N	f	lisecoats@hotmail.com	Florence	Stedman Attidore	lisecoats@hotmail.com	f	t	2020-10-31 06:42:13.741631+00
160	pbkdf2_sha256$216000$TSmoRIZ4WZN8$lUWlQwDKIVBbnV6xsi7SfsTP0jPeZiw3RWbYkOCcIaQ=	2020-11-29 14:22:20.261876+00	f	harrien.babyprince@gmail.com	Harrien	Jn Baptiste Jr 	harrien.babyprince@gmail.com	f	t	2020-11-06 02:11:35.914461+00
107	pbkdf2_sha256$216000$3lUicROMDyeh$zLnwCdIur6uQpphsR2guxI5tMJLOGIkc/Io0PXZqb44=	\N	f	oreooreo202022@gmail.com	Oreo	Oreo	oreooreo202022@gmail.com	f	t	2020-10-31 06:52:20.911539+00
84	pbkdf2_sha256$216000$gp0l6LBvVnQZ$cHKhKerUkdg4yDmp1auezUCua4Y0H/E81SVKRjI8aZo=	2020-11-04 11:33:30.570841+00	f	tameikaroyer@gmail.com	Tameika 	R	tameikaroyer@gmail.com	f	t	2020-10-29 18:10:14.821247+00
87	pbkdf2_sha256$216000$3NXKKAmcW0pw$Qwf7sU7qbxJy753xD8a2I3+aGve7xQgzW4n+4n41S6E=	2020-11-04 13:42:29.993576+00	f	dawnddawn2020@gmail.com	Dawn	Dawn	dawnddawn2020@gmail.com	f	t	2020-10-29 19:54:57.440472+00
109	pbkdf2_sha256$216000$cTHroHgRsoTV$xeGiwMhc67wjLEqr0I8KMRMOBrPqv3OjeTKffmz43HY=	\N	f	geegee202022@yahoo.com	Gee	Gee	geegee202022@yahoo.com	f	t	2020-10-31 07:36:37.320089+00
133	pbkdf2_sha256$216000$36d846i5ktUH$6+KQEh31AtMssppwlBA+iJCaR1kSk6ah92Xb9NM1weg=	2020-11-08 19:25:48.754303+00	f	francisaug2020@yahoo.com	Francis 	Aug	francisaug2020@yahoo.com	f	t	2020-11-01 10:59:57.031621+00
112	pbkdf2_sha256$216000$xx1ILrUCiUkp$ySA9/HwtlncYcM6Oy1gCGFc5Lzwe4H+12vw0l4Ohx7s=	\N	f	alejandroale2030@gmail.com	Alejandro 	Alejandro 	alejandroale2030@gmail.com	f	t	2020-10-31 15:27:06.349482+00
113	pbkdf2_sha256$216000$rbG8XKKdnL8X$4lIj5zplYuU3uDndlAzOiLzPxb7bZKTdmRKGnbgUJ2s=	\N	f	Oskarosk2020@gmail.com	Oskar 	Oskar 	Oskarosk2020@gmail.com	f	t	2020-10-31 15:30:44.031515+00
114	pbkdf2_sha256$216000$sVKEpGdGgABS$aeKUEt5pFGyrgA+r6ZGVm6vl783jJOqC2ZX+Rd+yuhc=	\N	f	shevonsss@yahoo.com	Shevon	Shevon	shevonsss@yahoo.com	f	t	2020-10-31 23:51:03.491272+00
115	pbkdf2_sha256$216000$44lZxOvFpA4l$hC2Fz7A9ENHHecX9cFi1BUFQeXHfBWeqi1XY47HXTjo=	\N	f	ian_ian2020@outlook.com	Ian	Ian	ian_ian2020@outlook.com	f	t	2020-11-01 00:05:24.24487+00
108	pbkdf2_sha256$216000$fvq3PtgNBvwD$FdYuiiwnQApCqfcghySK5+WnULwDdwnS/9HCT94IfqQ=	2020-11-09 19:15:22+00	f	d-tech-services@live.com	Dave	Dave	d-tech-services@live.com	f	t	2020-10-31 07:03:45+00
132	pbkdf2_sha256$216000$ufHskbtNVGmp$iCqrbvsiKSrw09re0h6E+baFSdg78ZMxfdfW2uESaVo=	2020-11-13 21:22:33.307368+00	f	julielopez2020@yahoo.com	Julie	Lopez	julielopez2020@yahoo.com	f	t	2020-11-01 10:54:38.62999+00
118	pbkdf2_sha256$216000$ewu0hiqxUw29$NxrrBjcpLPehzzCuHd+ACE+pgHYA7uOPKYXIvHztgXE=	\N	f	aesiaaaa@outlook.com	Aesia	Aesia	aesiaaaa@outlook.com	f	t	2020-11-01 00:11:38.523516+00
125	pbkdf2_sha256$216000$Z0batD9mhNWC$g8QEkqHzHzcvxOhWV8p+Ft++Km85y8/MT7j7zmUamrs=	2020-11-17 02:34:14.947804+00	f	ronchi_21@hotmail.com	Ronchi	Ronchi	ronchi_21@hotmail.com	f	t	2020-11-01 09:53:21.578576+00
117	pbkdf2_sha256$216000$9n13kPIWA6hu$cvTepl3Ys/wU+4/j1/3biBElhjc7Sf6Qe41s945pnWg=	2020-11-18 20:44:18.13484+00	f	sherryannforde1@gmail.com	Sherryann	F	sherryannforde1@gmail.com	f	t	2020-11-01 00:08:15.60589+00
120	pbkdf2_sha256$216000$t3cUJ42jmO5S$JxYXnEmDZFQvkGe0XE4vyJBKqKn2D7k3nFBwonEiHGg=	2020-11-07 01:25:14.85321+00	f	hillehuisraad@gmail.com	Oma Dina	Oma Dina	hillehuisraad@gmail.com	f	t	2020-11-01 09:27:37+00
140	pbkdf2_sha256$216000$Mi8kkGeqPrjI$crOxI+KoqEbJh2yovelvSQc1Rh2CnBIMEIzQloKPQKw=	2020-11-23 21:14:59.037501+00	f	Rono.ron@hotmail.com	Rono	Rono	Rono.ron@hotmail.com	f	t	2020-11-01 12:28:51.723337+00
134	pbkdf2_sha256$216000$dOp9qiElFwFW$Bw1G3MIM+OOJ1L3eT0adIHbPFIRWKl6Br7YFaBHTtw8=	2020-11-15 00:29:36.999111+00	f	helen_arnaud@hotmail.com	Helen	Helen	helen_arnaud@hotmail.com	f	t	2020-11-01 11:29:16.776128+00
123	pbkdf2_sha256$216000$akomd2vn8vfx$bRBRjHTK0r14qaVCnhP42YmZRTxhg5omevU8ixFBNbk=	\N	f	ibhentertainmentweekly@gmail.com	Isabella	Isabella	ibhentertainmentweekly@gmail.com	f	t	2020-11-01 09:42:09.707966+00
124	pbkdf2_sha256$216000$73dsFwzrybnH$ZUZjk2G+oyG3Bq+6S0c5N8TGY1m+TdwfhCHFCngG9kE=	2020-11-05 15:03:17.279609+00	f	Alinedormoy4@gmail.com	Cassie B	Cassie B	Alinedormoy4@gmail.com	f	t	2020-11-01 09:52:06.808067+00
111	pbkdf2_sha256$216000$dzZ4MHebiOXC$IfqahL6zR0KClIZfRHzsg5SjRHvR5ZD06C4rpZAeh1Y=	2020-11-27 16:32:51.113201+00	f	ninacoipel95@gmail.com	Nina	Coipel	ninacoipel95@gmail.com	f	t	2020-10-31 07:59:29.935931+00
126	pbkdf2_sha256$216000$QlJALk6CAg7H$veRt4P2oJqrB48LIou4Hbqc/ObGBMlIgW7TWSAn0c+o=	\N	f	kimberly2020202299@yahoo.com	Kimberly	Kimberly	kimberly2020202299@yahoo.com	f	t	2020-11-01 10:04:26.425617+00
127	pbkdf2_sha256$216000$cUjVSl7hu9XO$/iwzbQox3YVoUGXU9OF8bGNE8FmJXfbA9mOQta10Hvc=	\N	f	mejit2020@yahoo.com	Mejit	Mejit	mejit2020@yahoo.com	f	t	2020-11-01 10:15:30.711244+00
128	pbkdf2_sha256$216000$LzGfXQD3ekKr$LG3mNmM71kFOuABc8yGPZZf4hThWTLjQ1bgTIam9C60=	\N	f	iroyiroy2020@yahoo.com	Iroy	Iroy	iroyiroy2020@yahoo.com	f	t	2020-11-01 10:21:27.67234+00
129	pbkdf2_sha256$216000$FFJYxLQdEnNg$Jall8Sb66Q9BbINgP581+8lo3m9guX2oftry3IuTKKc=	\N	f	annann20202022@yahoo.com	Ann	Ann	annann20202022@yahoo.com	f	t	2020-11-01 10:35:00.091234+00
130	pbkdf2_sha256$216000$Vrn006mI446s$l6QrWn3HKQ0atCVHQiqpFwPhtU0dagQtXaJMAuOYvcc=	\N	f	nancynancy202022@yahoo.com	Nancy	Nancy	nancynancy202022@yahoo.com	f	t	2020-11-01 10:38:53.438287+00
131	pbkdf2_sha256$216000$CUSCSSDwIBKP$uQf6Dbx79UsZEfxASm12oJW7JF4ztDg1q/pLzkDQaFk=	\N	f	ciciliacicilia202020@yahoo.com	Cicilia	Cicilia	ciciliacicilia202020@yahoo.com	f	t	2020-11-01 10:49:06.425276+00
116	pbkdf2_sha256$216000$aGDTGnxEHSKO$4nmQa0tgXfQXvkJAuMQtAq+mi1gTPo4Jb7BA6fwS2Tw=	2020-11-30 00:54:13.819248+00	f	alixfaudoas@gmail.com	Alix	Faudoas	alixfaudoas@gmail.com	f	t	2020-11-01 00:07:40.468496+00
119	pbkdf2_sha256$216000$yP17JbJrk4yi$HO3KzeHy4lx09l3eXKirCKutS1EreYe77ZgI2n9ReEs=	2020-11-12 04:40:34.917864+00	f	BlushessB2020@outlook.com	Blushess	Blushess	BlushessB2020@outlook.com	f	t	2020-11-01 00:19:17.987715+00
137	pbkdf2_sha256$216000$LjKnfeyOozp2$y8eCONPx2urGJFKzyScHj/mUo2taJIeT6yk2K7IoENk=	2020-11-04 14:00:22.698644+00	f	mikamarie97150@gmail.com	Marie	B	mikamarie97150@gmail.com	f	t	2020-11-01 11:48:24.198634+00
121	pbkdf2_sha256$216000$TTFOH251TlXe$ewHqD1hOCEbCo1TCXXlcpQvZQrRKTH6SnTlayDi+bH0=	2020-11-24 01:10:17.715333+00	f	triafeni40@gmail.com	Gweldo	Romney	triafeni40@gmail.com	f	t	2020-11-01 09:30:38.283569+00
143	pbkdf2_sha256$216000$DBGs2jCnvFW4$GhnCzJuuIhirT9Ie62rY7TC0UdT6VDBnB0BJPqWjmr8=	2020-11-23 19:13:37.763198+00	f	chelseabromet@gmail.com	Chelsea	Chelsea	chelseabromet@gmail.com	f	t	2020-11-01 12:47:34.638037+00
110	pbkdf2_sha256$216000$8diVlSCwF1yK$/ShvLxaDyE96aTH06iRkJHCM8DRIPF+vo7IJIh6DpPQ=	2020-11-29 21:06:26.750079+00	f	sharleen.d2109@gmail.com	Sharleen	Dickenson	sharleen.d2109@gmail.com	f	t	2020-10-31 07:56:22.722785+00
136	pbkdf2_sha256$216000$xvEkLG8aHb3k$lFXm3D4Gti33mg7lpaET1H/+vcRmVQP0K0zT27owdyg=	2020-11-23 21:14:04.218184+00	f	mellymelssbe@hotmail.com	Mellymel	Mellymel	mellymelssbe@hotmail.com	f	t	2020-11-01 11:46:07.146585+00
138	pbkdf2_sha256$216000$GmPu8I18jYT8$w6iN/n61aeCRB2uh6XCvYsKNTvGOh9sZXUJA/Y1R4k8=	\N	f	JamaihaNH@outlook.com	Jamaiha	NH	JamaihaNH@outlook.com	f	t	2020-11-01 12:15:20.920109+00
139	pbkdf2_sha256$216000$TxPcLntF6F9G$RdWn/b5b50IidYQ+vJr5dnO8WJaWkPUrxKM3WNBLOuw=	\N	f	Serrant.serrant2020@hotmail.com	Serrant	Serrant	Serrant.serrant2020@hotmail.com	f	t	2020-11-01 12:25:40.333253+00
142	pbkdf2_sha256$216000$o6hkZVs4Lz7v$Y8IcONEWPv2N40f6gWk/gh1NvBbir6HhhFUybcbOn6M=	\N	f	Raffy.raff2020@hotmail.com	Raffy	Raffy	Raffy.raff2020@hotmail.com	f	t	2020-11-01 12:43:38.470785+00
144	pbkdf2_sha256$216000$x0FuT9f8hZzR$IZzXD5QvmHEnqX9gWonOiqAIk7bGkpripeVuG9c6m4k=	\N	f	xav20202022@outlook.com	Xav	Xav	xav20202022@outlook.com	f	t	2020-11-01 12:54:54.187052+00
145	pbkdf2_sha256$216000$J3WL35rpQkX1$k9q4hblPYfc7eAi8wNcptECeWscjkLr3cHu/XPwTQlc=	\N	f	ax20202022@outlook.com	Ax	Ax	ax20202022@outlook.com	f	t	2020-11-01 13:04:00.883874+00
146	pbkdf2_sha256$216000$3OZuofeH4nYr$d0o3hQyT0PBKTpe3DFEwJ8urPKKNNxJ5xWZvU/+tzTI=	\N	f	patrice20202022@outlook.com	Patrice	Patrice	patrice20202022@outlook.com	f	t	2020-11-01 13:11:10.883622+00
141	pbkdf2_sha256$216000$QIQa3dsSA2cG$rnupKlb5aBkeD0QL36DvhfwCpBgr0VHZ8uQ4lT9cK/8=	\N	f	michaelangelobell1991@gmail.com	Hot Boy	Hot Boy	michaelangelobell1991@gmail.com	f	t	2020-11-01 12:36:00+00
135	pbkdf2_sha256$216000$MA2Yi9ViNozw$kSNWyGtxIRyZIn2MDB10JZBBae0iIL5h//fQziV0mA4=	2020-11-04 23:56:31+00	f	hamilitonh2020@gmail.com	Hamiliton	Hamiliton	hamilitonh2020@gmail.com	f	t	2020-11-01 11:42:00+00
147	pbkdf2_sha256$216000$gfjsTfyG57B0$5wv8GYbDvLPII37PYiCzqzNkt8Uq0r0qwXo/R3bnB+8=	\N	f	arlene20202030@outlook.com	Arlene	Arlene	arlene20202030@outlook.com	f	t	2020-11-01 13:21:24.314604+00
148	pbkdf2_sha256$216000$Nij7xTjs8WVY$UJMlJnac9Yp6YxWJkOaL5ADNxozrobGvkMvvCPH9unY=	\N	f	vernetta20202022@outlook.com	Vernetta	Vernetta	vernetta20202022@outlook.com	f	t	2020-11-01 13:28:54.046226+00
180	pbkdf2_sha256$216000$HRD0e3PfRE2h$xuUvKj4BV2kY6DlSSj2RXVIY0bsnnEL3Y68YpEkKjmc=	2020-11-21 10:25:06.051092+00	f	sarahwhute32@gmail.com	Sarah	Whute	sarahwhute32@gmail.com	f	t	2020-11-08 16:28:41.105227+00
150	pbkdf2_sha256$216000$5lxAByNcisgp$qtcGxuuCW8y7Nbe7iPxU+pYEp9lM/J1Ezmcf4Jz/ua0=	\N	f	dollydoll20202022@outlook.com	Dolly	Doll	dollydoll20202022@outlook.com	f	t	2020-11-01 13:40:51.547706+00
174	pbkdf2_sha256$216000$GvnmBvayuJW8$n03BYAWXlbmYvAfJMFx8hrWr1vFZfXbE9LXIECCdaBQ=	2020-11-14 03:06:14.373783+00	f	miguellake71@gmail.com	Miguel	Lake	miguellake71@gmail.com	f	t	2020-11-08 03:24:35.374948+00
152	pbkdf2_sha256$216000$P2elpU2p0v0x$XJZ35je814+20FRpU3l1WJL5G2eCnr5Mr2iofCs5PZg=	2020-11-03 00:51:32.303623+00	f	claude_4261@outlook.com	Claude	Claude	claude_4261@outlook.com	f	t	2020-11-01 14:27:52.499337+00
149	pbkdf2_sha256$216000$sWmhDBtzELUy$5v0wqA+nOrddCinvJi5pml0Fb49QTV7/kuz4wHrAqK4=	\N	f	Jeromegumbs99@gmail.com	Jerome	G	Jeromegumbs99@gmail.com	f	t	2020-11-01 13:32:07+00
231	pbkdf2_sha256$216000$LoC3qf8JgjuH$PmjhiNrZBsCd/j24oHAMwTWCeErRS2VfN12eFhV/qjY=	2020-11-13 22:43:57.342742+00	f	projectchild@hotmail.fr	Didier	Complex	projectchild@hotmail.fr	f	t	2020-11-13 13:17:00.8387+00
164	pbkdf2_sha256$216000$QyOHog1PE8fG$Vik99IpQFsk/QS5gKGjGXE5bq+8q9kJj5KTDLWvQPGc=	2020-11-26 13:18:38.81186+00	f	julesdom767@gmail.com	Jules	Jules	julesdom767@gmail.com	f	t	2020-11-06 21:48:34.406173+00
151	pbkdf2_sha256$216000$9qx60Djp0DEh$mKrtJuNI4afHuJIYsnHa+XDEbuNDPoVKMWQtbhJe2Bc=	2020-11-05 19:59:10.622214+00	f	Ohmzz19@gmail.com	Ohmz	Ohmz	Ohmzz19@gmail.com	f	t	2020-11-01 13:43:33+00
172	pbkdf2_sha256$216000$1A8d4tkDm0kv$B+9vU/N0X6PEucWv+Lp400eWe60wLByaX+HQerd0VPc=	2020-11-13 03:52:15.315981+00	f	vdanielbenjamin47@gmail.com	Daniel 	Benjamin	vdanielbenjamin47@gmail.com	f	t	2020-11-08 02:16:14.493262+00
230	pbkdf2_sha256$216000$tGko7HMUPt9y$/pOvd8jY9tg4CONXWMIeZY/n1Av103/JSfc/2SdUSKI=	2020-11-19 16:43:57.968178+00	f	er_smiley@hotmail.com	Racheal	Edwards	er_smiley@hotmail.com	f	t	2020-11-13 13:13:38+00
170	pbkdf2_sha256$216000$VPxc4nkIdKEN$hI0oEyBjeVQfB3Ytvqn1izHQwDP1aMGbvtWtAy9aQ9k=	2020-11-08 02:06:20.470088+00	f	theranikaa@gmail.com	Theranika	ABRAHAM	theranikaa@gmail.com	f	t	2020-11-07 14:02:36.785335+00
173	pbkdf2_sha256$216000$mKIhRGMQLdbD$eKZeGgBCntRcroPDjdLKm7En9MwAAUr29jVl0M756LI=	2020-11-19 00:14:58.451304+00	f	Kata15.kw@gmail.com	Katie	Katie	Kata15.kw@gmail.com	f	t	2020-11-08 02:47:18.507472+00
165	pbkdf2_sha256$216000$vEM1tmu8igRL$6Sw6fQBPPwUYiaxN6WhjmH9JuKhuN5S6xIXmuAz56gU=	2020-11-08 02:09:47.237728+00	f	tesheiny@gmail.com	Tesheiny	ABRAHAM	tesheiny@gmail.com	f	t	2020-11-06 22:23:53.842438+00
92	pbkdf2_sha256$216000$r0xM5C41KKgT$p77ISwCekY846hfA5XDS8QEkBXr5eho+ddvAwiKs888=	2020-11-27 00:57:35.335715+00	f	atnallan99@gmail.com	Allan 	Etienne	atnallan99@gmail.com	f	t	2020-10-29 20:35:26.698434+00
169	pbkdf2_sha256$216000$lhuUtQbDO6mG$1RyGBak5oKV3vzziJ/4969bI+mmum+v/4X9EAWg0hOw=	2020-11-08 02:11:12.63393+00	f	vyw.atw@gmail.com	Eliana	BENJAMIN	vyw.atw@gmail.com	f	t	2020-11-07 14:00:07.144382+00
171	pbkdf2_sha256$216000$UVYtRl7UjJSr$NX7BVxakCgA3bCbPS8k8JqdK4lm28evO+jeleUSfMY0=	2020-11-11 03:51:10.525627+00	f	cbenjaminstm@outlook.fr	 Cedric	 Cedric	cbenjaminstm@outlook.fr	f	t	2020-11-08 02:14:18.005924+00
154	pbkdf2_sha256$216000$tb8di3doYiIq$RHIE6XBDwyKEwtJv99HPfSRrTWG2f7Tmds++6wnixJ8=	2020-11-25 20:32:22.858849+00	f	Philomenelake@gmail.com	Philo	Lake	Philomenelake@gmail.com	f	t	2020-11-05 18:00:07.800571+00
58	pbkdf2_sha256$216000$CGssz0gO50KA$lhjtM+3EaN64x3rJakQHV+L6O+912ZWm32yuZNw2H1w=	2020-11-12 12:57:17.01586+00	f	brigitterichardson@yahoo.com	Brigitte	Richardson	brigitterichardson@yahoo.com	f	t	2020-10-29 15:19:37.796117+00
177	pbkdf2_sha256$216000$kzkrRFrwsNIB$CTf3ZTixf9o+JkF+jND3v072Te4udgpJ/5xnyg53oPQ=	\N	f	frankdel117@hotmail.com	Frank	Frank	frankdel117@hotmail.com	f	t	2020-11-08 14:55:38.495726+00
249	pbkdf2_sha256$216000$59YTBdVh0kTt$gqsRil3bas1e8n11edNpP0idd/bEp5eKHIoO6unuRrU=	2020-11-24 00:57:30.554804+00	f	sweetestisha@hotmail.com	Sylenn	La Cruz	sweetestisha@hotmail.com	f	t	2020-11-24 00:45:07.44327+00
155	pbkdf2_sha256$216000$iwYgXuSnjeUH$s+8klInkz33MVdqaVBWASQjtJ+FPhtyK2mHJMFKhYNU=	2020-11-06 21:38:06.076293+00	f	jnbaptisteantonia50@gmail.com	Antonia	Jn Baptiste	jnbaptisteantonia50@gmail.com	f	t	2020-11-06 00:42:16.125876+00
157	pbkdf2_sha256$216000$NCNJCgj0xHGG$kqZ6QfoObvFsLvm+j1JNh31kJzSqZ7HNpc/zA0wfnB0=	2020-11-26 18:01:30.542823+00	f	emergencyplumbery@gmail.com	Ainsworth	Dickenson	emergencyplumbery@gmail.com	f	t	2020-11-06 01:23:03.839945+00
163	pbkdf2_sha256$216000$FnajJoy4wVq1$nWTl1z8o6ayyxVDwSIJhDiQyehDkosdHyZ6qXVktd+w=	2020-11-06 21:40:29.023258+00	f	gennieslu758@gmail.com	Olga	Olga	gennieslu758@gmail.com	f	t	2020-11-06 21:40:28.72004+00
251	pbkdf2_sha256$216000$esWt8nN959NW$EIIPuTnizSPxYp2vfG3/j0ztciJ9ucomMCEt8y4++Xc=	2020-11-26 13:19:52.648969+00	f	ouber2021@gmail.com	Ouber	Ouber	ouber2021@gmail.com	f	t	2020-11-26 13:19:51.981196+00
156	pbkdf2_sha256$216000$JQryENEBTRoI$r0Cb8wmha/MGAVc5rrhCTI5ZkEG7kRNA5exlTRdPsuI=	2020-11-06 21:45:18.125031+00	f	Angelicadickenson90@gmail.com	Angelica	Dickenson	Angelicadickenson90@gmail.com	f	t	2020-11-06 01:19:01.932455+00
159	pbkdf2_sha256$216000$1uLuyW1eUfx3$puUl/huZ3aRQSMze2w0os1dlcqZwxdRRNh33TGKj6qw=	2020-11-14 03:06:40.295265+00	f	dunknade@gmail.com	Dunkan 	Nadège 	dunknade@gmail.com	f	t	2020-11-06 01:36:25.391939+00
181	pbkdf2_sha256$216000$jMJUOrS76bVa$QEHR3YWwr/l1Y2bB7H+//Ib+5TTlXfSz8lP+R3mKtw8=	\N	f	miss_jean2020@outlook.com	Jean	Jean	miss_jean2020@outlook.com	f	t	2020-11-08 18:44:44.159188+00
229	pbkdf2_sha256$216000$3QRyTd3iuTWT$rYVAwahbFXyAQ3EmM2VAwk2na0zg15jmsmjYmdHqwR8=	\N	f	Kicksolitemc@gmail.com	Marc	Chance	Kicksolitemc@gmail.com	f	t	2020-11-13 12:34:07.49208+00
179	pbkdf2_sha256$216000$EdEntlkOOL3f$4r/uKGnHOi72RNbcIAkYz3TwVhmGObJ2GLiVyUAnzYY=	\N	f	cassalmon62@gmail.com	Cros	Cros	cassalmon62@gmail.com	f	t	2020-11-08 16:26:13.008373+00
175	pbkdf2_sha256$216000$Zj4X0HQ5zXEq$PfJEQr+U1dV3tilIGqxWOq/247Dy8RkY/5agXJTvADM=	2020-11-08 12:45:47.130145+00	f	Illidgebalyarleen310@gmail.com	Arleen	Baly	Illidgebalyarleen310@gmail.com	f	t	2020-11-08 12:45:46.856937+00
182	pbkdf2_sha256$216000$gj4u4GRRA72U$RAzBcKjgnPDKU7zgUDrkQc4Mnyl/avgzi4r3FSxJC7s=	\N	f	ron_ald2020@outlook.com	Ronald	Ronald	ron_ald2020@outlook.com	f	t	2020-11-08 18:45:45.895027+00
183	pbkdf2_sha256$216000$DLWYRbEXXNPO$YfvFD0QleOJ64IcN9CfLxiPM9pPaoo2NMqpmO50BL6E=	\N	f	jess_ica2020@outlook.com	Jessica	Jessica	jess_ica2020@outlook.com	f	t	2020-11-08 18:46:51.352947+00
184	pbkdf2_sha256$216000$McLoLY96G9eP$7JT/rgRFP3Qkg9zYGWf9b/3WDN/QK+da7EVjNv4Gxg0=	\N	f	tgumbs51@gmail.com	Vernon	G	tgumbs51@gmail.com	f	t	2020-11-08 18:55:16.731824+00
186	pbkdf2_sha256$216000$SFceKZaWDNnI$8koBuyxd2RancoExE5U7DyN96FOWy2KYPhEB2K20ShY=	\N	f	Pet_er2020@outlook.com	Peter	Z	Pet_er2020@outlook.com	f	t	2020-11-08 19:09:11.251451+00
187	pbkdf2_sha256$216000$IXwMx1GwtlpM$twdX5RU2oYmn78MVRtbwA0ifCTw2bswpl5U92qN7FQ4=	\N	f	chey_enne2020@outlook	Cheyenne	C	chey_enne2020@outlook	f	t	2020-11-08 19:37:27.712624+00
188	pbkdf2_sha256$216000$lmGXUwUhV7jL$FyoIAtz3WeakDor12lFbzYUveRK8M3V4mEzUXEaZ7w4=	\N	f	dyke_dyke2020@outlook.com	Dyke	Dyke	dyke_dyke2020@outlook.com	f	t	2020-11-08 19:41:24.525436+00
153	pbkdf2_sha256$216000$DqI4rL7NGOAi$+NC6Dowz6rDKikQnx9OECzq2gMAbway0uB7+nC3yDsY=	2020-11-09 23:38:38.09804+00	f	ishshah.carty@gmail.com	Isha	Carty	ishshah.carty@gmail.com	f	t	2020-11-05 04:14:45+00
189	pbkdf2_sha256$216000$uh0MMisy38UZ$d8X7NupRUzXS9f7H7JRZhKZ2Wp8R9DIl7Y/8dNPjU24=	\N	f	cherylcheryl202020@gmail.com	Cheryl	Cheryl	cherylcheryl202020@gmail.com	f	t	2020-11-09 07:01:39.562398+00
221	pbkdf2_sha256$216000$ASEMlAHFMz6M$ZtqNDuuq34piGGxjQusrAgH6mr1DZUpGn2NJjuOkEAg=	\N	f	altiefran@hotmail.com	Altie	Fran	altiefran@hotmail.com	f	t	2020-11-12 05:39:39.815392+00
193	pbkdf2_sha256$216000$sX3AH7wWbXAy$E3pzJY73e2ukW6fo3Nk9JLqZSTpwEj22sykp3BCRyf0=	\N	f	jojoanmummy@hotmail.com	Mevlyn	Mevlyn	jojoanmummy@hotmail.com	f	t	2020-11-09 14:05:09.818023+00
201	pbkdf2_sha256$216000$zop1I2acWMNE$nQ54N5MvkHhOILpfWrbXlnLduEvYQXARzyeEI7IHHIQ=	\N	f	woods.j.r@hotmail.com	Jean	Woods	woods.j.r@hotmail.com	f	t	2020-11-09 23:44:06.5677+00
202	pbkdf2_sha256$216000$WeEfzRcIj5Ic$SwZTqyjgSMcJNCLRmOlzTXwK/wULMAV0cAXR+H5AQDo=	\N	f	latoya.p.wilson@hotmail.com	Latoya	Wilson	latoya.p.wilson@hotmail.com	f	t	2020-11-09 23:45:03.6408+00
190	pbkdf2_sha256$216000$pNR87kVHRyqt$F4rs00mnG4ZnbRzfN28gycbbywm8YFG+MRRDAKVuACM=	2020-11-09 17:16:42.005465+00	f	beve1977rly@gmail.com	Beverly	D	beve1977rly@gmail.com	f	t	2020-11-09 07:03:25.753557+00
197	pbkdf2_sha256$216000$26g8bHVLeQHK$Blr2L4zfb4kHDCo4WJIuy021fQywncmSjGQ7eVuoisY=	2020-11-13 18:15:21.433072+00	f	sharinadeweever@gmail.com	Sharina	Deweever	sharinadeweever@gmail.com	f	t	2020-11-09 19:38:02.703266+00
206	pbkdf2_sha256$216000$UAB9E4dvlWhh$apDnf+LdWoWy42J0kUhsUkiUMUKUK/RimssldEESzD0=	2020-11-17 23:54:13.627923+00	f	kellimw71@gmail.com	Kellim	w	kellimw71@gmail.com	f	t	2020-11-10 03:35:07.4814+00
216	pbkdf2_sha256$216000$ShBEjJs0z2YG$h6m8znxZH3J/52ZbjxrRUTxefrbSopJFY9emHaCps+c=	2020-11-11 02:36:16.98132+00	f	nhazebass@gmail.com	Nicole	BASS	nhazebass@gmail.com	f	t	2020-11-11 02:36:16.671582+00
203	pbkdf2_sha256$216000$gNZUMbZlxa4z$zEByCmvSAyyAicBtaMwXS5I1fQaGvHrxRUHzdUhV/2g=	2020-11-09 23:52:11.095512+00	f	sxmthrone.esthetic@gmail.com	Alfredo	Gibbs-Claxton	sxmthrone.esthetic@gmail.com	f	t	2020-11-09 23:52:10.797835+00
200	pbkdf2_sha256$216000$4wouhTRbfDpY$VV9FJQ/IEIZmYnsmtWyXSBfC66E5cyiOOInl8OYUOE4=	2020-11-28 18:01:18.055538+00	f	mastercliffy@gmail.com	Clifford	Gumbs	mastercliffy@gmail.com	f	t	2020-11-09 23:12:11.940614+00
199	pbkdf2_sha256$216000$FjUzyP8OUISA$CJyajwoPi+QblIYe8e463JMrgW7P1wQqxpF9lvxTDQQ=	2020-11-10 00:04:27.478529+00	f	shaynegalvani@gmail.com	Shayne	Galvani	shaynegalvani@gmail.com	f	t	2020-11-09 22:05:34.578929+00
194	pbkdf2_sha256$216000$Yf1eYylpwGXO$hrpXW7EieYfmLdu1nd7t1UBUKBvZiumFV1p/SM4QOpo=	2020-11-10 01:24:45.753456+00	f	Steve.chabin@hotmail.com	Steve	Galvani	Steve.chabin@hotmail.com	f	t	2020-11-09 14:09:53.128284+00
209	pbkdf2_sha256$216000$c2kDbJa1LYhE$PewZ4WYYQXtfYzi7DoAxYdynQFgv3pbqfOSNye3yCQk=	2020-11-11 02:36:53.241862+00	f	brigitterichardson2@gmail.com	Brigitte 	Richardson 2  	brigitterichardson2@gmail.com	f	t	2020-11-10 04:48:57.017021+00
191	pbkdf2_sha256$216000$YvGL8Qi3BD5T$6tbuuMwY34W6pAWUggzmGR2yx+Tg5kw4taGydLyg1N8=	2020-11-11 13:11:07.510226+00	f	nicholsthomas30@hotmail.com	Nick	Thomas	nicholsthomas30@hotmail.com	f	t	2020-11-09 13:20:32.879446+00
198	pbkdf2_sha256$216000$QuE5txTXWmqv$djlV2rAq2Y5WV9zpbxxyXzlrUQfTu+0NAz8pi1d7WY0=	2020-11-09 23:07:05.863064+00	f	noregrets2013@yahoo.com	Sandra	Brookson	noregrets2013@yahoo.com	f	t	2020-11-09 20:43:05.80246+00
213	pbkdf2_sha256$216000$xk3HIAVN3jDR$yJt/2DjCJCgA9nerQ/oYa2qE/rRc2bA3vQ4xKXhh5r8=	2020-11-11 01:16:22.975014+00	f	benjaminfrantz08@gmail.com	Frantz	benjamin	benjaminfrantz08@gmail.com	f	t	2020-11-11 01:16:22.616041+00
210	pbkdf2_sha256$216000$p4uopInr1Iqy$3wRSQBPtjQDv4wSSfq9RvmHk9izV7N+ls5mD1slEA1Q=	2020-11-11 01:47:41.31175+00	f	bernicerichardson2021@gmail.com	Bernice	Richardson 2  	bernicerichardson2021@gmail.com	f	t	2020-11-10 04:50:13.244629+00
205	pbkdf2_sha256$216000$WnMrzxY1wCXD$TwljkQaN8g+H/SeFyqEaSUybcXD7BdC5aAVoYldrBmE=	\N	f	Lsyu7290@hotmail.com	Lisa	Yu	Lsyu7290@hotmail.com	f	t	2020-11-10 03:33:31.952942+00
207	pbkdf2_sha256$216000$pgoDl7lYWczQ$qOB2hHUvdhIM8SAJWq2nmx6jQR26F8D4Jpkhr/dCyZA=	\N	f	Jhordannybrowne@gmail.com	Jhordy	Browne	Jhordannybrowne@gmail.com	f	t	2020-11-10 03:35:25.619359+00
208	pbkdf2_sha256$216000$XWVGN6lgiVmT$xMgMGVQODnyEDKULsG0sPeut1735yiryN0hJTF+nvUU=	\N	f	ada7730@icloud.com	Claire	Claire	ada7730@icloud.com	f	t	2020-11-10 03:37:27.578876+00
192	pbkdf2_sha256$216000$vFdzAbsyBPYV$+ZQZaJKR1cs6SRUezrVeBKOgZHQVUSGxjUIIhpMWDfI=	2020-11-17 21:44:27.657694+00	f	nigelnakida@gmail.com	Celine	Hazel	nigelnakida@gmail.com	f	t	2020-11-09 13:51:34.198499+00
214	pbkdf2_sha256$216000$g63u9GVvopGV$T1HsbKUWQRSJ+ia2mgjxckHT5JVIV6B0yprL6bw85o4=	2020-11-11 01:51:59.309186+00	f	ebenjamin@live.fr	Alexandre	B	ebenjamin@live.fr	f	t	2020-11-11 01:51:59.006339+00
212	pbkdf2_sha256$216000$sJRe1c72TPWI$mL20XMLtTm2OmF2TCC7/gSXjNmUKCdlFtbn6hj1asdw=	2020-11-10 17:13:33.725141+00	f	justingibbs1968@gmail.com	Gibbs	J	justingibbs1968@gmail.com	f	t	2020-11-10 17:13:33.401138+00
211	pbkdf2_sha256$216000$fcWOEgsupCC6$2Sa6ynQZRbSWI2g/fQr9CRWbovLGtIlN/sLG31cFb5I=	2020-11-10 17:15:07.160036+00	f	justingibbs@me.com	Tintin68	G	justingibbs@me.com	f	t	2020-11-10 16:31:11.121763+00
219	pbkdf2_sha256$216000$NDpCHOxpN38H$tOchspKx5xL1FzbT7TKfiYyj0ALFbrILaCdW+B1da2o=	2020-11-12 02:32:58.914778+00	f	yebow1999@gmail.com	Yebow	Yebow	yebow1999@gmail.com	f	t	2020-11-12 02:32:58.611686+00
195	pbkdf2_sha256$216000$R0UoDgPSWkvW$+ifDl8WWcvcrpt/ETTXtep+QUUZ/HnGIMfwlgOgTZp4=	2020-11-28 08:50:28.062869+00	f	rjm2301@outlook.com	Roef	Mathieu	rjm2301@outlook.com	f	t	2020-11-09 18:21:36.978034+00
215	pbkdf2_sha256$216000$UNcfj49zqoNT$/qBuK/bsQOZShBxkHGnjlhqGmFgSD3DLooXo18jtEoA=	2020-11-11 02:03:52.271571+00	f	befv.crypto@gmail.com	Alexa	B	befv.crypto@gmail.com	f	t	2020-11-11 02:03:51.918649+00
222	pbkdf2_sha256$216000$r6AbasIpAhfn$ItlmvtQVFSU4ezHZ2sinXAtW5FtNCCN6+2fUUWBiKi4=	\N	f	trenstopglobal@gmail.com	Zeb	Jose	trenstopglobal@gmail.com	f	t	2020-11-12 05:40:33.609478+00
217	pbkdf2_sha256$216000$KV9Q1I8Qwunu$uKXazHWtSODO0C78+ErnxkbO8OZabGMuhAgsu0IasrQ=	2020-11-11 17:14:03+00	f	williamschar77@gmail.com	C	rizz	williamschar77@gmail.com	f	t	2020-11-11 16:38:46+00
218	pbkdf2_sha256$216000$LcXgB0tdmpie$yLNp+lfUth5XJzDphwe3wvkNFMVDcRyNI6RCGhgXXbs=	2020-11-11 17:02:54+00	f	dmdsxm59@gmail.com	Wood	ley	dmdsxm59@gmail.com	f	t	2020-11-11 17:02:54+00
223	pbkdf2_sha256$216000$ohbmbivWDZxn$2BU67d9QnlL7HrDcCY8Il7fpIEDgwxjkDaLulmtH44c=	\N	f	redemptionglobaltrade@gmail.com	Kevin	Henry	redemptionglobaltrade@gmail.com	f	t	2020-11-12 05:43:22.599992+00
224	pbkdf2_sha256$216000$G4dAqb754tcG$kh+EYlJoVhlaAGm4l/WH54qVx5PYHPrxmvaxEGd8bTU=	\N	f	ckjworldwide3@gmail.com	Derwis	Jaime	ckjworldwide3@gmail.com	f	t	2020-11-12 05:46:28.199714+00
122	pbkdf2_sha256$216000$ZWcIClXZlTo2$Xn6Z+G4SZlmVtFee0sTqGSD0+umwgslXVU+L6bl8oc4=	2020-11-12 23:15:30.750347+00	f	beverlyrichardson2020@yahoo.com	Beverly	Richardson	beverlyrichardson2020@yahoo.com	f	t	2020-11-01 09:39:44.173114+00
225	pbkdf2_sha256$216000$0Ocv4xeVxK0B$rM2UUMbVaOsgVQkhSE02d+G4WivT1NAZQ26z19thjxw=	2020-11-13 01:49:50.790341+00	f	victorgibbs68@gmail.com	justin	Gibbs	victorgibbs68@gmail.com	f	t	2020-11-13 01:49:50.358417+00
226	pbkdf2_sha256$216000$vpauqsv4SHzF$BhymZ7wq5YW3Jtjb6wel5LxGj2TIPKXosNjuTiTAW4o=	2020-11-13 03:58:34.969187+00	f	mingaumarie@gmail.com	Marie	Mingau	mingaumarie@gmail.com	f	t	2020-11-13 03:58:34.529348+00
227	pbkdf2_sha256$216000$KkaPolGiwnlh$/DMAQWADbm/8V5pCdp95JdZQwwywQOc08RPU/RTAr7Y=	2020-11-13 04:08:49.485322+00	f	medericb51@gmail.com	Mede	Mede	medericb51@gmail.com	f	t	2020-11-13 04:08:49.044798+00
228	pbkdf2_sha256$216000$Wdi3fhOGcNPH$qk0dtqJnwnGwzLJsStJo1i4Vcx6cSUm/UFumKKyOdrI=	\N	f	georges13far@hotmail.com	Georges	F	georges13far@hotmail.com	f	t	2020-11-13 12:32:24.795523+00
204	pbkdf2_sha256$216000$qGtABmJggMkk$StCB3LuDI9SIzdHTaHCyJF45HsZxXl5zRiQ+1Qqe7iA=	2020-11-17 02:43:15.119688+00	f	savanw71@gmail.com	Sava	W	savanw71@gmail.com	f	t	2020-11-10 02:57:14.193428+00
246	pbkdf2_sha256$216000$aSybxsC3Aj7P$8lFHcvwpA96NF2+iIlAOdJJ3KHJOz+oW7IzOcXuk6aM=	2020-11-18 00:03:49.033604+00	f	Niccolw71@gmail.com	Nicol	Nicol	Niccolw71@gmail.com	f	t	2020-11-17 23:41:09.123444+00
243	pbkdf2_sha256$216000$dYsjQxaAtPTH$TLGvzPGgWORaCXLYIydWAUGDnlwGzIPA9x3N7AMwFcc=	2020-11-18 00:13:39.813469+00	f	tilianw71@gmail.com	Lian	W	tilianw71@gmail.com	f	t	2020-11-17 02:39:12.319203+00
232	pbkdf2_sha256$216000$8bpXazp6wAoY$dETIXZg5vYT9N21eM+9uLGcY/KlA4TktXGzNRccwlt8=	2020-11-13 22:44:45.76433+00	f	projectchild97150@gmail.com	Sammy	Jouenne	projectchild97150@gmail.com	f	t	2020-11-13 13:22:37.870585+00
233	pbkdf2_sha256$216000$8Jo4MOtDq91v$Qd9XaKow60uX49lbVTJZKe1EBLfyZoN6n2PhPwkoucc=	\N	f	jmt_00166@hotmail.com	Joel	Toney	jmt_00166@hotmail.com	f	t	2020-11-14 02:09:07.146584+00
234	pbkdf2_sha256$216000$YRvutaPAjjfj$M+1ZYI2mui5zrpdxLy/k/dME2Sx/vcC1dAi06206Wpg=	\N	f	Xavernellis9@gmail.com	Xavern	Ellis	Xavernellis9@gmail.com	f	t	2020-11-14 02:10:44.104074+00
244	pbkdf2_sha256$216000$6RMsZKANF3AG$aWUVSDQ8aQ8KDxmiDzFcaNMn7Lwq1JFjFmeoU6An1mA=	2020-11-18 00:17:54.656134+00	f	mattysw71@gmail.com	Mattys	W	mattysw71@gmail.com	f	t	2020-11-17 02:40:02.819887+00
236	pbkdf2_sha256$216000$5fXcTKhWjJux$d++IaehS9gwyi8mAVfOZLYRxKHNPtLEnswUcbyaitp4=	\N	f	gillesellis90@gmail.com	Gilles	Ellis	gillesellis90@gmail.com	f	t	2020-11-14 02:13:24.675496+00
237	pbkdf2_sha256$216000$Kc8EhOyNau2J$X/9xhK6ypAqVd1F8rWFum8Yq8fpl+bbcMIWz28ckYg0=	\N	f	stefan.babylon@gmail.com	Stefan	Ellis	stefan.babylon@gmail.com	f	t	2020-11-14 02:17:09.866356+00
242	pbkdf2_sha256$216000$rUefcCRRpOVR$QEQawZakxzhaUJc8Ew93FY74MtfkZRmRLMFmTEyS6jE=	2020-11-18 00:20:54.329336+00	f	gattow71@gmail.com	Gato	w	gattow71@gmail.com	f	t	2020-11-17 01:55:46.460468+00
238	pbkdf2_sha256$216000$7AEnhyHtQXgp$RsVVBPKjJW3CwEEuAsmkL8/zA3FsAOSfdMruUFrQdCY=	2020-11-14 13:42:02.540692+00	f	mitchelelisha@gmail.com	Elisha	Mitchel	mitchelelisha@gmail.com	f	t	2020-11-14 13:42:02.112877+00
239	pbkdf2_sha256$216000$ZLxgyvFGKZEY$k+vJH+Bfywk20Z/j2yE/aq8yWeFHwfUr1U9951QBAeg=	\N	f	shirmanfrance@gmail.com	Shirma	France	shirmanfrance@gmail.com	f	t	2020-11-16 11:56:42.980138+00
240	pbkdf2_sha256$216000$wycQHJibhBu0$ejlm2gFS5+5TuFuo4YEWWgXaRLKUAWizdhl/kucNxBI=	\N	f	franceatyourservice@gmail.com	Gerald	France	franceatyourservice@gmail.com	f	t	2020-11-16 12:03:42.327234+00
248	pbkdf2_sha256$216000$fSCbn9hyZdkt$X+1lH1kHMpq6ciRC8HBXmlEVNnOXPJKPW84hq4Y7RVA=	2020-11-18 00:50:52.319307+00	f	nakidaeliodoreshawna457@gmail.com	Nakida	Eliodore 	nakidaeliodoreshawna457@gmail.com	f	t	2020-11-18 00:50:51.484984+00
241	pbkdf2_sha256$216000$hpWN2Lv1ahp0$woT1CKcrMG19InLDZfQ7C4OAHP6wLROu1p/RsLNYJuo=	2020-11-16 15:41:41.549158+00	f	Romeopiper@gmail.com	Romeo	Piper	Romeopiper@gmail.com	f	t	2020-11-16 15:37:13.662972+00
245	pbkdf2_sha256$216000$8UW3UUCuQnSA$YQqv0Qko5Z0uXRT37j+UHjX61Ujta8I9tLeMwkfT+vs=	\N	f	Shelleybellylove@gmail.com	Shelley	Bellylove	Shelleybellylove@gmail.com	f	t	2020-11-17 23:18:19.166391+00
252	pbkdf2_sha256$216000$UNatmyuHlxEa$syRD4jibfaIT1M7w0R+OL7+mvPmPPn8rX9+INjUWW9s=	2020-11-26 14:08:03.319107+00	f	josephbelle66@hotmail.com	Joseph 	belle 	josephbelle66@hotmail.com	f	t	2020-11-26 14:08:02.629289+00
158	pbkdf2_sha256$216000$3V4mkfGGX5lQ$zdBZ6lejY9tkwHxIcJI6Yd0XsWIwiRSPgReUIkOqYGs=	2020-11-29 15:42:00.133239+00	f	harrienjnba@gmail.com	Harrien	Jn Baptiste	harrienjnba@gmail.com	f	t	2020-11-06 01:27:15.118871+00
253	pbkdf2_sha256$216000$rd2mcaWF5MIR$7FxIjQXBDZN2QdlFEOmKbl2TTA46aALkgs8Fl8WtOjQ=	2020-11-29 16:37:28.335783+00	f	reidlando91@gmail.com	Lando	Reid	reidlando91@gmail.com	f	t	2020-11-27 15:22:05.023681+00
\.


--
-- Data for Name: auth_user_groups; Type: TABLE DATA; Schema: public; Owner: postgres
--

COPY public.auth_user_groups (id, user_id, group_id) FROM stdin;
\.


--
-- Data for Name: auth_user_user_permissions; Type: TABLE DATA; Schema: public; Owner: postgres
--

COPY public.auth_user_user_permissions (id, user_id, permission_id) FROM stdin;
\.


--
-- Data for Name: celery_taskmeta; Type: TABLE DATA; Schema: public; Owner: postgres
--

COPY public.celery_taskmeta (id, task_id, status, result, date_done, traceback, hidden, meta) FROM stdin;
\.


--
-- Data for Name: celery_tasksetmeta; Type: TABLE DATA; Schema: public; Owner: postgres
--

COPY public.celery_tasksetmeta (id, taskset_id, result, date_done, hidden) FROM stdin;
\.


--
-- Data for Name: django_admin_log; Type: TABLE DATA; Schema: public; Owner: postgres
--

COPY public.django_admin_log (id, action_time, object_id, object_repr, action_flag, change_message, content_type_id, user_id) FROM stdin;
1	2020-10-21 11:25:58.95541+00	2	demouser	1	[{"added": {}}]	4	1
2	2020-10-21 11:26:24.28066+00	2	demouser	2	[{"changed": {"fields": ["First name", "Last name", "Email address"]}}]	4	1
3	2020-10-26 10:37:41.974262+00	5	user1@mlm.com	2	[{"changed": {"fields": ["Username", "First name", "Last name"]}}]	4	1
4	2020-10-26 10:38:09.0848+00	6	user2@mlm.com	2	[{"changed": {"fields": ["Username", "First name", "Last name"]}}]	4	1
5	2020-10-26 10:39:10.221251+00	4	rootuser1@mlm.com	2	[{"changed": {"fields": ["Username", "First name", "Last name", "Email address"]}}]	4	1
6	2020-10-26 10:39:56.184096+00	1	vinoth	2	[{"changed": {"fields": ["Username", "Email address"]}}]	4	1
7	2020-10-26 10:47:53.291999+00	5	user1	2	[{"changed": {"fields": ["Username", "Email address"]}}]	4	27
8	2020-10-26 10:48:17.17735+00	6	user2	2	[{"changed": {"fields": ["Username", "Email address"]}}]	4	27
9	2020-10-26 10:48:50.641264+00	4	rootuser1	2	[{"changed": {"fields": ["Username"]}}]	4	27
10	2020-10-26 10:49:36.443505+00	4	firstuser1	2	[{"changed": {"fields": ["Username", "First name", "Email address"]}}]	4	27
11	2020-10-29 06:44:24.240075+00	32	chard@excluzeev.com	2	[{"changed": {"fields": ["First name", "Last name"]}}]	4	27
12	2020-10-30 18:41:51.859167+00	33	lisecoats17@gmail.com	2	[{"changed": {"fields": ["Username", "Email address"]}}]	4	27
13	2020-10-31 05:02:00.478086+00	62	carlyncarlyn2020@gmail.com	2	[{"changed": {"fields": ["Username", "First name", "Last name", "Email address"]}}]	4	27
14	2020-10-31 06:02:25.422995+00	74	mbromet5@gmail.com	2	[{"changed": {"fields": ["First name"]}}]	4	27
15	2020-10-31 06:03:25.330946+00	75	zelmeramera@gmail.com	2	[{"changed": {"fields": ["First name", "Last name"]}}]	4	27
16	2020-10-31 08:05:09.950298+00	93	kissatheodule@gmail.com	2	[]	4	27
17	2020-11-01 12:45:21.247461+00	74	mbromet5@gmail.com	2	[{"changed": {"fields": ["First name", "Last name"]}}]	4	27
18	2020-11-03 00:09:30.113788+00	141	michaelangelobell1991@gmail.com	2	[{"changed": {"fields": ["Username", "First name", "Last name", "Email address"]}}]	4	27
19	2020-11-03 15:33:10.003551+00	47	bmarieclaude58@gmail.com	2	[{"changed": {"fields": ["Username", "Email address"]}}]	4	27
20	2020-11-03 15:35:07.042779+00	50	Flanderscarline@gmail.com	2	[]	4	27
21	2020-11-03 15:41:21.933488+00	50	Flanderscarline@gmail.com	2	[{"changed": {"fields": ["password"]}}]	4	27
22	2020-11-03 15:43:18.332068+00	50	Flanderscarline@gmail.com	2	[{"changed": {"fields": ["password"]}}]	4	27
23	2020-11-03 15:46:44.755171+00	50	flanderscarline@gmail.com	2	[{"changed": {"fields": ["Username", "Email address"]}}]	4	27
24	2020-11-03 16:10:29.858173+00	50	flanderscarline@gmail.com	2	[{"changed": {"fields": ["password"]}}]	4	27
25	2020-11-04 02:00:36.910445+00	55	ssbenoit.sb@gmail.com	2	[{"changed": {"fields": ["First name"]}}]	4	27
26	2020-11-04 05:18:07.723791+00	108	donna	2	[{"changed": {"fields": ["Username"]}}]	4	27
27	2020-11-04 05:19:34.338269+00	108	Hamiliton	2	[{"changed": {"fields": ["Username"]}}]	4	27
28	2020-11-05 03:42:20.266948+00	149	Jeromegumbs99@gmail.com	2	[{"changed": {"fields": ["Username", "First name", "Email address"]}}]	4	27
29	2020-11-05 03:57:32.045018+00	135	Lsyu7290@hotmail.com	2	[{"changed": {"fields": ["Username", "Email address"]}}]	4	27
30	2020-11-05 04:00:52.379024+00	135	hamilitonh2020@gmail.com	2	[{"changed": {"fields": ["Username", "First name", "Last name", "Email address"]}}]	4	27
31	2020-11-05 04:04:01.902917+00	135	Lsyu7290@hotmail.com	2	[{"changed": {"fields": ["Username", "First name", "Last name", "Email address"]}}]	4	27
32	2020-11-05 04:07:20.146177+00	108	hamilitonh2020@gmail.com	2	[{"changed": {"fields": ["Username"]}}]	4	27
33	2020-11-05 04:09:55.763609+00	135	lisecoats@icloud.com	2	[{"changed": {"fields": ["Username", "First name", "Last name", "Email address"]}}]	4	27
34	2020-11-05 04:10:58.938538+00	108	Lsyu7290@hotmail.com	2	[{"changed": {"fields": ["Username", "First name", "Last name", "Email address"]}}]	4	27
35	2020-11-05 04:12:08.879625+00	135	hamilitonh2020@gmail.com	2	[{"changed": {"fields": ["Username", "First name", "Last name", "Email address"]}}]	4	27
36	2020-11-05 13:36:11.137511+00	153	ishshah.carty@gmail.com	2	[{"changed": {"fields": ["Last name"]}}]	4	27
37	2020-11-05 13:36:38.333904+00	153	ishshah.carty@gmail.com	2	[{"changed": {"fields": ["Last name"]}}]	4	27
38	2020-11-05 13:36:58.004433+00	108	Lsyu7290@hotmail.com	2	[{"changed": {"fields": ["Last name"]}}]	4	27
39	2020-11-05 13:37:08.772043+00	108	Lsyu7290@hotmail.com	2	[]	4	27
40	2020-11-05 14:58:55.847048+00	124	Alinedormoy4@gmail.com	2	[{"changed": {"fields": ["password"]}}]	4	27
41	2020-11-05 17:50:40.640774+00	106	Richelyne26@gmail.com	2	[{"changed": {"fields": ["First name", "Last name"]}}]	4	27
42	2020-11-05 18:07:24.574057+00	151	Ohmzz19@gmail.com	2	[{"changed": {"fields": ["Username", "First name", "Last name", "Email address"]}}]	4	27
43	2020-11-06 00:13:58.544435+00	94	brigitterichardson2@gmail.com	2	[{"changed": {"fields": ["password"]}}]	4	27
44	2020-11-06 00:18:16.769525+00	94	brigitterichardson2@gmail.com	2	[{"changed": {"fields": ["First name", "Last login"]}}]	4	27
45	2020-11-06 02:07:29.827977+00	18	Invite object (18)	3		8	27
46	2020-11-06 02:07:29.829628+00	17	Invite object (17)	3		8	27
47	2020-11-06 12:10:09.515078+00	24	Invite object (24)	3		8	27
48	2020-11-06 12:17:34.408891+00	162	supportgnapi	1	[{"added": {}}]	4	27
49	2020-11-06 12:18:15.588165+00	162	supportgnapi	2	[{"changed": {"fields": ["First name", "Last name", "Email address"]}}]	4	27
50	2020-11-07 01:08:07.159426+00	120	louiseauisraad@yahoo.com	2	[{"changed": {"fields": ["password"]}}]	4	27
51	2020-11-07 01:11:45.076856+00	120	hillehuisraad@gmail.com	2	[{"changed": {"fields": ["Username"]}}]	4	27
52	2020-11-07 01:12:29.514116+00	120	hillehuisraad@gmail.com	2	[{"changed": {"fields": ["Email address"]}}]	4	27
53	2020-11-09 06:58:53.715328+00	102	cherylcheryl202020@gmail.com	2	[{"changed": {"fields": ["First name", "Last name", "Email address"]}}]	4	27
54	2020-11-09 06:59:21.837301+00	102	kaisha3076@gmail.com	2	[{"changed": {"fields": ["Username"]}}]	4	27
55	2020-11-09 18:03:34.189149+00	88	mademoisellerichardson@gmail.com	2	[{"changed": {"fields": ["Username", "Email address"]}}]	4	27
56	2020-11-10 03:31:27.55924+00	108	d-tech-services@live.com	2	[{"changed": {"fields": ["Username", "First name", "Last name", "Email address"]}}]	4	27
57	2020-11-10 04:44:57.458369+00	94	brigitterichardson2@gmail.com	3		4	27
58	2020-11-10 04:46:19.654263+00	95	bernicerichardson2021@gmail.com	3		4	27
59	2020-11-11 17:45:33.971516+00	217	williamschar77@gmail.com	2	[{"changed": {"fields": ["First name", "Last name"]}}]	4	27
60	2020-11-11 17:46:36.427449+00	218	dmdsxm59@gmail.com	2	[{"changed": {"fields": ["First name", "Last name"]}}]	4	27
61	2020-11-12 05:37:33.390011+00	220	altiefran@hotmail.com	3		4	27
62	2020-11-12 12:36:14.321952+00	85	Fabfives1977@gmail.com	2	[{"changed": {"fields": ["First name", "Last name"]}}]	4	27
63	2020-11-14 00:29:35.968735+00	230	er_smiley@hotmail.com	2	[{"changed": {"fields": ["password"]}}]	4	27
64	2020-11-14 00:29:48.149636+00	230	er_smiley@hotmail.com	2	[]	4	27
65	2020-11-14 00:33:24.326188+00	230	er_smiley@hotmail.com	2	[{"changed": {"fields": ["password"]}}]	4	27
66	2020-11-14 00:33:27.942232+00	230	er_smiley@hotmail.com	2	[]	4	27
\.


--
-- Data for Name: django_content_type; Type: TABLE DATA; Schema: public; Owner: postgres
--

COPY public.django_content_type (id, app_label, model) FROM stdin;
1	admin	logentry
2	auth	permission
3	auth	group
4	auth	user
5	contenttypes	contenttype
6	sessions	session
7	main	userprofile
8	main	invite
9	main	userhierarchy
10	djcelery	crontabschedule
11	djcelery	intervalschedule
12	djcelery	periodictask
13	djcelery	periodictasks
14	djcelery	taskmeta
15	djcelery	tasksetmeta
16	djcelery	taskstate
17	djcelery	workerstate
18	main	group
\.


--
-- Data for Name: django_migrations; Type: TABLE DATA; Schema: public; Owner: postgres
--

COPY public.django_migrations (id, app, name, applied) FROM stdin;
1	contenttypes	0001_initial	2020-10-21 08:20:57.694948+00
2	auth	0001_initial	2020-10-21 08:20:57.811819+00
3	admin	0001_initial	2020-10-21 08:20:58.039275+00
4	admin	0002_logentry_remove_auto_add	2020-10-21 08:20:58.10065+00
5	admin	0003_logentry_add_action_flag_choices	2020-10-21 08:20:58.159995+00
6	contenttypes	0002_remove_content_type_name	2020-10-21 08:20:58.255932+00
7	auth	0002_alter_permission_name_max_length	2020-10-21 08:20:58.298845+00
8	auth	0003_alter_user_email_max_length	2020-10-21 08:20:58.33366+00
9	auth	0004_alter_user_username_opts	2020-10-21 08:20:58.369865+00
10	auth	0005_alter_user_last_login_null	2020-10-21 08:20:58.412056+00
11	auth	0006_require_contenttypes_0002	2020-10-21 08:20:58.419671+00
12	auth	0007_alter_validators_add_error_messages	2020-10-21 08:20:58.468955+00
13	auth	0008_alter_user_username_max_length	2020-10-21 08:20:58.535833+00
14	auth	0009_alter_user_last_name_max_length	2020-10-21 08:20:58.56796+00
15	auth	0010_alter_group_name_max_length	2020-10-21 08:20:58.616982+00
16	auth	0011_update_proxy_permissions	2020-10-21 08:20:58.655451+00
17	auth	0012_alter_user_first_name_max_length	2020-10-21 08:20:58.702404+00
18	sessions	0001_initial	2020-10-21 08:20:58.721455+00
19	main	0001_initial	2020-10-22 04:18:49.708364+00
20	djcelery	0001_initial	2020-10-22 11:23:47.278062+00
21	main	0002_auto_20201022_1123	2020-10-22 11:23:47.523232+00
22	main	0003_auto_20201024_0522	2020-10-24 05:23:11.806657+00
23	main	0004_auto_20201025_1026	2020-10-25 10:28:54.725789+00
24	main	0005_remove_userhierarchy_level	2020-10-25 10:28:54.862018+00
25	main	0006_userprofile_hr_tree	2020-10-26 04:57:12.438288+00
26	main	0007_auto_20201026_0457	2020-10-26 04:57:12.600398+00
27	main	0008_auto_20201026_0832	2020-10-26 08:32:11.037197+00
28	main	0009_group	2020-10-28 09:20:05.301236+00
\.


--
-- Data for Name: django_session; Type: TABLE DATA; Schema: public; Owner: postgres
--

COPY public.django_session (session_key, session_data, expire_date) FROM stdin;
5snfj9q77t0bn4baq8cxumoj08bzwsst	e30:1kVCij:C0vo_M8lVQoy55WiDE617JHTie8J5eVfOUCnGI3TxSg	2020-11-04 11:55:57.953332+00
2x0wq1li45ox7m4d9cz95udqm94j33f6	.eJxVy8EKwjAMgOF36VlGYoxdPAp7jpKmHR26CXY9ie_uFA96_T_-hwva1hJazfcwJXdy7Ha_Lapd8vKGWaels1bX2_zxbtjK9fz1v6loLdtxjLQHT2QjmiB7QGZUBTVTzgfukaznJBrHxAKUvaSIKSuwsXhyzxcCAzNf:1kXiuY:rXmv1WrjrLnFaMgGJJuX07840sf7_3QoCkbmdyTzBjQ	2020-11-11 10:42:34.00251+00
njjgynf61aa2dskwnvb877bctp5lvp38	.eJxVy00OwiAQQOG7sDYNDPIzLk16DjIwEBptTaSsTO_ealzo9n15LxGorzX0lp9hYnER4MTpN0ZKt7y8ZaZpGVJv62P--DAe5X79-t9UqdXjQAccWRaIVhqj0aJiT0BgtCyWMyu0zqfs4tlYlF6hRwaFKHVhRVpsOx37Mss:1kXzHw:So3CLjdE2DBSkot_dUxbbxuA41ZHD9-VrEKE2yTr1-w	2020-11-12 04:11:48.107058+00
y2zqohwqy54a1i0c0i6cnigzymp7ag25	.eJxVy0sKwjAURuG9ZCwlaZvH71BwHeHmNpcUbQXTjMS9W8WBTs_HeahIbSux1XyP86SOynirDr81EV_y-qaF5rXjVrfb8vHuvJfr6et_U6Fa9kPgbdB9dgMHQ8QyEQjCWvRktcOYMIYM60KympF7OHghAftsBkA9X2ZvNA0:1kbk4p:1OefdGb9rkVxKjjsXhB0wfHp4Hxk4HgqFk--32cTFPA	2020-11-22 12:45:47.131833+00
iosnktqdusagbog801032vgz53r41ebs	.eJxVzEEOwiAQheG7sDYNFIeZcWniOcgMQmi0NZGyMt5da1zo9v_y3sNE6WuNveV7nM7mYAKb3W9USZe8bDLLtAypt_U2f3w4vcv1-PW_UZVWty8crQOi4AC9J7FK7DkwFVRMpIQCljOXcQ_EKOykQCEFp6Qszjxf9Yoyjw:1kc9zu:vPKJ5UqxsLrpOSqTFoXJLBYcWnrGIBeI_YdTvUTUcAk	2020-11-23 16:26:26.742886+00
g2cx3eux39j2rg2g5o94efb1axfm1092	.eJxVy00OwiAQQOG7sDYNDPIzLk16DjIwEBptTaSsTO_ealzo9n15LxGorzX0lp9hYnER4MTpN0ZKt7y8ZaZpGVJv62P--DAe5X79-t9UqdXjQAccWRaIVhqj0aJiT0BgtCyWMyu0zqfs4tlYlF6hRwaFKHVhRVpsOx37Mss:1kcBVN:9O6Gu5Lbprg1f-IrLZLyR_SptjJGvYqVensnyoCe75Y	2020-11-23 18:03:01.647662+00
plirhtk6vewzru9os31o92bi9s1tf37j	.eJxVy00OwiAQQOG7sDYNDPIzLk16DjIwEBptTaSsTO_ealzo9n15LxGorzX0lp9hYnER4MTpN0ZKt7y8ZaZpGVJv62P--DAe5X79-t9UqdXjQAccWRaIVhqj0aJiT0BgtCyWMyu0zqfs4tlYlF6hRwaFKHVhRVpsOx37Mss:1kiSh9:DWDv06es3t-foRDWS2rXEsZ2klXvNR3Qjrbt-VghEg8	2020-12-11 01:37:07.625283+00
7ufa7mayie0domehd7uazyexbfnuktow	.eJxVzc0KwjAQBOB32bOUbP7MehT6HGGbH1K0FUxzEt-9qXjQ63zMzAs8t634VtPTzxEuYAycfsOJwy2thyw8r0NodXssHx_GntyvX_8rFa7l2EJilbNQmAKqKGTQ2tpwNoqQXWYdiTIn6QyTcxRFN5aY-6exSBLeOyyAM3w:1kbqY3:UcJJkrfsbC5_8q8Tb15RsrrCWI_lrN992M17Bdfovm0	2020-11-22 19:40:23.268292+00
ep15u674u5oy40seducsgjobknekdarl	.eJxVy0EOwiAQQNG7sDYNDAxSlyY9B5mBITTamkhZGe9uNS50-1_-Q0XqW429yT3OWZ2UMVodfitTusj6poXmdUi9bbfl48O0l-v5639TpVb3AzIXKFjIZwJ0R9HGOh8sOsfBmhEwcABhRyFrJ6RlRCmUwLNntFk9X1GVM_c:1kaz5P:L1ckX072zBSjnHs0-D-PGF6-ULw3m2TvmOhqMz5qTc4	2020-11-20 10:35:15.149271+00
xfii06bfurkb4bl5xurjfc1zcoyrf1di	.eJxVy00OwiAQQOG7sDYNDPIzLk16DjIwEBptTaSsTO_ealzo9n15LxGorzX0lp9hYnER4MTpN0ZKt7y8ZaZpGVJv62P--DAe5X79-t9UqdXjQAccWRaIVhqj0aJiT0BgtCyWMyu0zqfs4tlYlF6hRwaFKHVhRVpsOx37Mss:1kb0nB:4YCaRFT7MoMIqffVqmTB5GDvNdiG3rIsEeKFP2Wr7xA	2020-11-20 12:24:33.43582+00
vxfkh8xe9z7cowsm8fz8gdd6qy5wvnqa	.eJxVy0EKwjAQQNG7ZC1lkrGZ1KXQc4TJNEOKtoJpVuLdreJCt__xHyZy20psNd_jPJmTsZbM4bcmlkte37TwvHbS6nZbPt6Ne7mev_43Fa5lP5wIMvaMIApBibzVnjgHhISTUj6y86iBVbJCIkcwCCNbUCsDe_N8AWrMNIM:1kctVQ:t6mgprs46lCfHSNnQPkQtqVz5VMivm3tS3uYjS4jiTg	2020-11-25 17:02:00.759125+00
uy27qi1woym14p2khj3a308kt7yk5630	.eJxVi0EKwyAQAP_iuQS1arTHQt4hu-6KoU0KNZ5K_x5TemhPAzPMS0RoW4mt8jPOJC7CSnH6lQjpxutRFpjXIbW6PZZPH6Zu7tdv_5sK1NIPZqWyHSF4PHMG8lZpCjI7j8Y5cpqROnMwPiFilgY1sFccJI4kjXjvVt00mw:1kZywQ:4VWETOrEqhet8jJiExls4UWbLZKGLKdM8_in7UTkktE	2020-11-17 16:13:50.0318+00
vk6zk8ztju9zjcs3fq6e9ch6gmmq73kq	.eJxVi0EKwyAQAP_iuQS1arTHQt4hu-6KoU0KNZ5K_x5TemhPAzPMS0RoW4mt8jPOJC7CSnH6lQjpxutRFpjXIbW6PZZPH6Zu7tdv_5sK1NIPZqWyHSF4PHMG8lZpCjI7j8Y5cpqROnMwPiFilgY1sFccJI4kjXjvVt00mw:1kZyyI:Iw5LvrosQeYP0ixjjlAOqt_DlIOHtuJo2F9MCwG4Tp0	2020-11-17 16:15:46.745435+00
z5peupvelwz0lgxw9798c8etw4e92ndm	.eJxVy00OwiAQQOG7sDYNDPIzLk16DjIwEBptTaSsTO_ealzo9n15LxGorzX0lp9hYnER4MTpN0ZKt7y8ZaZpGVJv62P--DAe5X79-t9UqdXjQAccWRaIVhqj0aJiT0BgtCyWMyu0zqfs4tlYlF6hRwaFKHVhRVpsOx37Mss:1kZyzX:nC_jutK43YrCMyGpPUU7bu89PWcNjZ7ejKRXtFMQ67Q	2020-11-17 16:17:03.068143+00
9tlfr9xpcy4hngt8s8ap4rr7yrpizsat	.eJxVy00OwiAQQOG7sDYNDPIzLk16DjIwEBptTaSsTO_ealzo9n15LxGorzX0lp9hYnER4MTpN0ZKt7y8ZaZpGVJv62P--DAe5X79-t9UqdXjQAccWRaIVhqj0aJiT0BgtCyWMyu0zqfs4tlYlF6hRwaFKHVhRVpsOx37Mss:1kYZJG:cNYw_Q4onFLhLx-0DOS2bwzDAp3mcLzjE5i0sNM-GDc	2020-11-13 18:39:34.433053+00
bp8mvwexog3ko3nvup8ad4lksoxmscna	.eJxVy00OwiAQQOG7sDYNDPIzLk16DjIwEBptTaSsTO_ealzo9n15LxGorzX0lp9hYnER4MTpN0ZKt7y8ZaZpGVJv62P--DAe5X79-t9UqdXjQAccWRaIVhqj0aJiT0BgtCyWMyu0zqfs4tlYlF6hRwaFKHVhRVpsOx37Mss:1kYf8F:IuT2y5fb2iGZP1PBKLa3mh86u_T9nTQSvH7t-0odCRo	2020-11-14 00:52:35.213495+00
omh08ugjoy980tcqokj07o0r5t344m9n	.eJxVy00KwjAQQOG7ZC0l5mc641LoOcrMJCVFW8E0K_HuVnGh2_fxHmbktpWx1Xwf52ROxpM5_EZhveT1LQvPa6etbrfl492wl-v5639T4Vr2Y0ILjieH5HrMJKTJh2j7lAKDC9YCI4jXfJTIJBHZZmAVwOhFSc3zBS50M9w:1ka1Wb:qKg3c7YbNzzHa0HsNdurT6TI5WDu8W6VwatmI2I0-Tg	2020-11-17 18:59:21.443616+00
o39n97tc7zj0y2z0chtp4xxvtwvcil5w	.eJxVy0EKwjAQQNG7ZC0laTKT1KXgOcLMdEqKtoJpVuLdreJCt__xHyZT20puVe95Hs3R-GAOv5FJLrq-ZaF57aTV7bZ8vDvv5Xr6-t9UqJb9UHbRq0qCOIBEQWeDBeUkYEkUIqNDQbajAg3RB6aeALGfPOGEyTxfPqwz1Q:1ka2Qq:S3DIG5ZS3AMIIIIRH2274iQKQPsAqFnv6Xson6Tw4ps	2020-11-17 19:57:28.238944+00
3erwvjnilea47btwivw08h18m9eer2er	.eJxVi8sKwjAQAP8lZylJ2Lw8Cn5H2N2spGgrmOZU_HejeNA5zjC7yti3mnuTR56LOirjrDr8WkK-yvpOC87rxL1t9-XTp_Mwt9O3_00VWx0HaWJCEh0uBbywD5QSGStRbBgAFx8dhQguOm2INCTx1jMEFmZQzxd3LDRD:1kZkXs:mPhNIUXvTWTE0ux673G1tBBt04v7ElatgERIByqwdrs	2020-11-17 00:51:32.3053+00
7zb2qxkabj5b9i7yq9yb91o6js2y8qcc	.eJxVi0EKwyAQAP_iuQS1arTHQt4hu-6KoU0KNZ5K_x5TemhPAzPMS0RoW4mt8jPOJC7CSnH6lQjpxutRFpjXIbW6PZZPH6Zu7tdv_5sK1NIPZqWyHSF4PHMG8lZpCjI7j8Y5cpqROnMwPiFilgY1sFccJI4kjXjvVt00mw:1ka8Wb:MSBX6XS3ubxct7xdh3lDFr6aMzO_ixF1h7_FUge24rY	2020-11-18 02:27:49.048791+00
k0rhyvunp78lit5rqsel0zmfvm0qr32u	.eJxVi0EKwyAQAP_iuQS1arTHQt4hu-6KoU0KNZ5K_x5TemhPAzPMS0RoW4mt8jPOJC7CSnH6lQjpxutRFpjXIbW6PZZPH6Zu7tdv_5sK1NIPZqWyHSF4PHMG8lZpCjI7j8Y5cpqROnMwPiFilgY1sFccJI4kjXjvVt00mw:1ka8eT:jHPA2yg0wYIF0uCXo1tl5LnZf6NTPQdTN0FdrXT-pFU	2020-11-18 02:35:57.342914+00
owqa0l2aiwg3s3dcurkt05kd3b1amstq	.eJxVi8sOwiAQAP-Fs2nYQnl4NPE7yLIsodHWRMrJ-O_SxoNe5jCTeYmAbSuhVX6GOYmzsCBOvzIi3Xjdy4LzOlCr22M5-nDt5n759r-pYC39wInZRpBjtHnSncYkC8QAWoGj5HDkrLwl7yQkZklZEfqMqFnHZMT7A0JtNI0:1ka8fA:hkduWPGqjPpu_adB3WVoOB9775NVsAwey1RsDqRyPdc	2020-11-18 02:36:40.134812+00
co1kmjkfg3resocebuxrzltndvo6k0t9	.eJxVy00KwjAQQOG7ZC2lmfw0dSl4jjIzmSFFW8E0K_HuVnGh2_fxHmbCtpWpVblPczZH46I5_EZCvsj6lgXnteNWt9vy8e68l-vp639TwVr2Q1GtBxnyiCmoR43gFSgIOGDCMQzsnCbAKGypF6A-WrLCmRMzWPN8AVgxNKw:1kZyDA:UqEP_cWB8VQLOB6Y0HlQ_wmcCLSJFTKCn7-hCh3XmI4	2020-11-17 15:27:04.003731+00
v2sdw6mps9vxme5swb1don3kf7lgu86d	.eJxVy00OwiAQQOG7sDYNDAw_Lk08BxlgCI22JlJWxrtbjQvdvi_vISKNrcXR-R7nIo5Cozj8xkT5wutbFprXKY--3ZaPT-e9XE9f_5sa9bYfUKkU6bgqVrkGD8FCYlCYUSLUUJFRe3LgJXkKJqFNwTgDyiRtrBXPFz97Mx8:1ka9uf:O2ALRuXYVVWnB13hZCcepByyPjA30zPZptyWynQk32U	2020-11-18 03:56:45.387096+00
yhe8eqj9hw14te16us6icse0tvosocj2	.eJxVy0EKwjAQQNG7ZC1lpm0mqUvBc4SZSUqKtoJpVuLdjeJCt__xHyZw3XOoJd3DEs3ROGcOv1FYL2l7y8rL1mkt-239eHdu5Xr6-t-UueR2AI8y44CqFL0lKz0QMRBo0oHVe4tuYosIvVewgmOaosjcmneUxDxfLbwzlg:1kaBQo:Fwb7VTace2ay6ED195hvFr2260R9M3jmGqQLuxhiT6E	2020-11-18 05:34:02.267432+00
o92o6slujvdis45167exvqyg39wkzh68	.eJxVy0EOwiAQQNG7sDYNDAxSlyY9B5mBITTamkhZGe9uNS50-1_-Q0XqW429yT3OWZ2UMVodfitTusj6poXmdUi9bbfl48O0l-v5639TpVb3AzIXKFjIZwJ0R9HGOh8sOsfBmhEwcABhRyFrJ6RlRCmUwLNntFk9X1GVM_c:1kaCXR:L6Oxe8PB6mEYhelCFtcP4UjO2UlYT7mIoveoSAI0Ft4	2020-11-18 06:44:57.417475+00
vphtkb6z5nf3gt1zp2tydxfqohkq4job	.eJxVy0EKwjAQQNG7ZC0lyQw141LwHGEmmZCirWCaVfHuVnGh2__4m4nc1xp700ecsjkZb8EcfqtwuuryppmnZUi9rff548NlL7fz1_-myq3uB_mCmAqQohKhIISEAI4Djf4I2QmpsyLiS1EXPIwaHGeA4CRZi-b5AkcfM28:1kcGxH:IkXnfelBt1vcZIXOr_Qktk-4CFRZ7mT73Bx9j5TxNns	2020-11-23 23:52:11.097089+00
74zkcv5k411nl7n9nj93jk5dkm2egxib	.eJxVi0EKwjAQAP-Ss5RNtskmHgXfEXaTlBRtBducxL8bxYOeBmaYh4rc9hrbVu5xzuqoNKA6_FrhdCnrOy08r0Nq235bPn04d3M9ffvfVHmr_fBMVLKmMBpEdN47mCyJA53FWOHinQ5hhIxTR7LgAolhZChIIkY9XyofMus:1kbOYG:Z2MYzfyVK6cfgVIBNROAMojjnNGI8dwSXDFb6zAUORo	2020-11-21 13:46:44.82105+00
qslsfdldsfzyz57r5sxrzrardf7714tc	.eJxVy0EOwiAQQNG7sDYNhREYlyY9BxmGITTamkhZGe9uNS50-1_-Q0XqW429yT3OWZ0UWnX4jYn4IutbFprXgXvbbsvHh2kv1_PX_6ZKre5HgaJLtklrhMAF0ASjSzp6L-gycEaERMZZByMVBBYSzR5DGEGSkHq-AD4xNB0:1kaGfN:TvpaAPUwbxAkjv_IkGFiHTy0PWrWRFa3bbkn5J-nafc	2020-11-18 11:09:25.256863+00
1ki9zvxbo0w3p03buh1h1bic5oh41xaw	.eJxVy0EOwiAQQNG7sDYNDAxSlyY9B5mBITTamkhZGe9uNS50-1_-Q0XqW429yT3OWZ2UMVodfitTusj6poXmdUi9bbfl48O0l-v5639TpVb3AzIXKFjIZwJ0R9HGOh8sOsfBmhEwcABhRyFrJ6RlRCmUwLNntFk9X1GVM_c:1kikuS:C6Dq-3Xo2BdeNmcHO_Cgj4PwQ66MFQZbDcw1kBVho5I	2020-12-11 21:04:04.623046+00
cj7dcixkzru8sjbzmbq2myk0nkeiizub	.eJxVi0sKwjAQQO-StZROaj7jUug5wswkIUVbwTQr8e5GcaHb93moQG0vodV0D0tUJ2WcOvxCJrmk7W1WWrZBWt1v68cPcyfX89f_TYVq6YdG5gSTcMoCOssx-yhkvct2csQGQBMS6NHihOQAOfpe2BEpejRWPV9cVjQT:1kaHe8:4L83CaQxTKA6IINXtzR_3EIUO2Fz9nxLYVG9WypT7_4	2020-11-18 12:12:12.009754+00
nn9rey1ylq3yf6bi0zsupuzniwg7qypi	.eJxVy00OwiAQQOG7sDYNDPIzLk16DjIwEBptTaSsTO_ealzo9n15LxGorzX0lp9hYnER4MTpN0ZKt7y8ZaZpGVJv62P--DAe5X79-t9UqdXjQAccWRaIVhqj0aJiT0BgtCyWMyu0zqfs4tlYlF6hRwaFKHVhRVpsOx37Mss:1kaZHW:5LHStTlRT0ptD8ml1UHyMzWt8HjG472Cb5W-2CgMsjw	2020-11-19 07:02:02.966194+00
m21bfac4fsjrjrsg73kxvzcc457vlv5d	.eJxVy0EOwiAQQNG7sDYNDAxSlyY9B5mBITTamkhZGe9uNS50-1_-Q0XqW429yT3OWZ2UMVodfitTusj6poXmdUi9bbfl48O0l-v5639TpVb3AzIXKFjIZwJ0R9HGOh8sOsfBmhEwcABhRyFrJ6RlRCmUwLNntFk9X1GVM_c:1kar84:-ZLyZIp7EtEUXy6UKzfGuToLm-tGLXbjMnZx1a1CPUo	2020-11-20 02:05:28.181004+00
3abt886d0y2g6phlxj9gvr4nam2hxvpz	.eJxVi80OwiAMgN-Fs1kEKR0eTXwOUro2LLqZyDgZ3100HvT6_TxMoraV1Krc0zyZo7EAZvdLM_FF1rdaaF4HbnW7LR8_nDu5nr7-bypUSz_IK0fSPZCL7B1G0ZhFg80YRj2gwzwhhzF4tGB7bFkckIIiOgloni9vLzQp:1kb9Qr:lVGiYf0pkenhtk6Q0Zn-Oa2fNt4j9dc46OJ_R2TOK2Y	2020-11-20 21:38:05.638187+00
u86w0u61bn4jxocvrl6a9od20783fv0v	.eJxVy00KwjAQQOG7ZC0lM_mhcSl4jjCTGUnRVrDNqnh3o7jQ7ft4u8nUtprbqo88iTkaCGAOv5WpXHV500zTMpS2bvf548O5l9vp639TpbX2Q70yMxYPiByisiY3pii9QpGSJLiRLAmQDw4ZHHoHKgjWXoJCNM8XfGI0Og:1kalPa:HcjfLc7BlcdTsYKzStOH5LosRId59rrDoVtlGklQtIc	2020-11-19 19:59:10.624191+00
nr43garipthbqtq71vuwexq53vrl56gv	.eJxVy00OwiAQQOG7sDYNDPIzLk16DjIwEBptTaSsTO_ealzo9n15LxGorzX0lp9hYnER4MTpN0ZKt7y8ZaZpGVJv62P--DAe5X79-t9UqdXjQAccWRaIVhqj0aJiT0BgtCyWMyu0zqfs4tlYlF6hRwaFKHVhRVpsOx37Mss:1kb9Rp:VB5nHtCqjuU3y9uQjM5ZY89QnlHOjihg-XSXP_RPO1I	2020-11-20 21:39:05.515231+00
63lx31jn2njfln18nv5igx8terqte5ny	.eJxVy00KwjAQQOG7ZC0lP00mdSl4jjAzyZCirWCalXh3q7jQ7ft4D5WwbzX1Vu5pzuqojAN1-K2EfCnrmxac14F7227Lx4fzXq6nr_9NFVvdjzihIOtsnCeRyBAmMJYMGdYuZD9aGUEoE0cC0QHAxxh98do6Lc6p5wtn7TOv:1kaJKo:1HjD0TLY7nhgSPEztlcZCwAEtcvceLUpeUfZFYg_JWs	2020-11-18 14:00:22.700713+00
5u85e3oj4afm67jfrl5zbnjuhwfmhab3	.eJxVy0EKwjAQQNG7ZC0lM9MmGZdCz1EmcUqKtoJpVuLdjeJCt__xH2aSuuepFr1Py9kcDQzBHH5rlHTR7U2rLFuXatlv68e7sZXr6et_U5aS2-EtcT_HgZwAsCN0wZNgYIvaa4iMACCMhFabJg42KXslmYEiW_N8ARXeMlg:1karnf:rS50vhqiRrYFu_ycJPk1BP4-C53K5Ebx5iowZCnlVes	2020-11-20 02:48:27.884734+00
fawzyyo9du8j74glptnxxp6askb4q2td	.eJxVy0EKwjAQQNG7ZC1lkrGZ1KXQc4TJNEOKtoJpVuLdreJCt__xHyZy20psNd_jPJmTsZbM4bcmlkte37TwvHbS6nZbPt6Ne7mev_43Fa5lP5wIMvaMIApBibzVnjgHhISTUj6y86iBVbJCIkcwCCNbUCsDe_N8AWrMNIM:1kcbar:-sbLKxGRU_IyIFtFKv0WLczkZ_qBCuZ86PIa8LPRLBk	2020-11-24 21:54:25.043397+00
4y3gvz3yyqwgbte441cbwebfylunw3ct	.eJxVy0EOwiAQQNG7sDYNDAxSlyY9B5mBITTamkhZGe9uNS50-1_-Q0XqW429yT3OWZ2UMVodfitTusj6poXmdUi9bbfl48O0l-v5639TpVb3AzIXKFjIZwJ0R9HGOh8sOsfBmhEwcABhRyFrJ6RlRCmUwLNntFk9X1GVM_c:1kb9cx:tvtulUoIScZYy6Nel8DynOyje6Furb2to4o36rIcoEY	2020-11-20 21:50:35.261623+00
86896lzz9jnxsk67ca2wiy58oytbfq6p	.eJxVy0EKwjAQQNG7ZC0lzcx0Ji4FzxEmSUOKtoJpV-LdreJCt__xHybottawtfEepmyORrw5_Mao6TIub5l1Wrq0tfU2f7w77-V6-vrfVLXV_YDoKXlGb20mdX5wxVHuh4LIgCJKEZPLBMAJESwVAccgURh6a9k8XwbfMdc:1kaND3:16ia-EDn15O3I2A9wEGv9OtHqWc8PNrpLvCdmRf34cc	2020-11-18 18:08:37.858455+00
c9yvvp8dv1etzjviiopgtj305v3exj79	.eJxVy0EKwjAQQNG7ZC1l7Exi6lLwHGEmmZCirWCalXh3W-lCt__xXyZwW0poVZ9hTOZsHJnDbxSON503mXicu9jq8pi-3l3Xcr_s_jcVrmU9fFRvlU4DMntNfQ-sbiAQJQeQLKC3IpkdIohTkAw5Qk5HzJQI2bw_Puc0HQ:1kaO7i:Kr9o4H6zVXJ9TlhBnCflOdI-ZOsjHkhXGdJZWR4ijGQ	2020-11-18 19:07:10.368095+00
u3sxkw0613jo8xpyjbplzimimttpnfub	.eJxVy0EKwjAQQNG7ZC0lGaOZcSn0HGEymZCirWCalXh3q7jQ7X_8h4nc1xp703ucsjkZB87sfmtiuejyppmnZZDe1tv88WHcyvX89b-pcqvbIU5RQBP44jWzFORgXXZ4LGhzdkAJbAgBgASFM3FC8oewRwykxOb5AnG2NBk:1kaOdS:FINywFqmhzqwTe9j0pvUMw7hLp5_xHZMl6LInHtxRgA	2020-11-18 19:39:58.522163+00
n1z7cw4e497jsec39i3c3b6fh368i174	.eJxVi7sOAiEQAP9la3MBFg7W0sTvIMsrXPTORI7K-O-isdBmipnMAzz3vfre8t0vCY4gUcPh1waOl7y908rLNsXe9tv66dN5mOvp2_-myq2OQ4RSbGbFGJC0tGwDzuxIkxmYk2aREhpB5ExUztiSCJENOyWLpALPF1AcM14:1kaOvm:psQcJ2ceuweMa3q9Wxjif3m-m-TrnZm-MJEAdOzxuBo	2020-11-18 19:58:54.840857+00
guec2x524eichhs3fj84red8ah4ghf2p	.eJxVzEEOwiAQheG7sDYNFIeZcWniOcgMQmi0NZGyMt5da1zo9v_y3sNE6WuNveV7nM7mYAKb3W9USZe8bDLLtAypt_U2f3w4vcv1-PW_UZVWty8crQOi4AC9J7FK7DkwFVRMpIQCljOXcQ_EKOykQCEFp6Qszjxf9Yoyjw:1kaSj4:UAVgoSKSedziREuKE4WcP015JjKCaT7LvRFRWnajQ3k	2020-11-19 00:02:02.832129+00
4pp2a6rq6h1203rp4yuxe0ajwrxov8ew	.eJxVi0EOwiAQAP_C2TRLyy7Uo4nvIAssodHWRMrJ-HfReNDLHGYyD-W57cW3Kne_JHVUGq06_NrA8SLbO628bENsdb-tnz6cu7mevv1vKlxLP5g0iJYQHLskdhYCiEYS5YlyZoLJUIps0CFjFhLsRJhptKPN2qrnC3oaNEg:1kaqaC:mMATm4dXpl7JZVLxihRuw5iWwZKbqjxT2A1H9tBdXmo	2020-11-20 01:30:28.887449+00
9f1gfpeizpuqno599dlxk92xtfa2flq6	.eJxVy00KwjAQQOG7ZC0lk6STGZeC5yiTP1K0FUyzEu9uFRe6fR_voSbpW516y_dpTuqoGNThNwaJl7y-ZZF5HWJv2235-HDey_X09b-pSqv7QZSJrfWgORBGRDB-JBMKatEOhQujN8HnZNC6hBGgIHEamdAFQPV8AQDFMlE:1kbAXC:LfyWUNlqhr5j2YF_vnmIa-8byok0DRnL43mZ071bsnM	2020-11-20 22:48:42.870148+00
wx1olkb9txswisodzr6zrd7mvdsgwv4p	.eJxVizEOwjAMAP-SGVVJShOXEanviGzHVipokUg7If5OQAww3HKne5iE-1bSXuWe5mxOxkVnDr-WkC-yvtOC89rxXrfb8und1Mz1_O1_U8Fa2hEwKgZU0Z6DWrZ5FMs09DhGRgGwA3pQBvZC5AjVNzIDBCV_9Ob5AqEiNdw:1kchA6:b7UqSbfBu9riVSHR_NdpLEvEhRLzVjdSQYy-HfO7Q0U	2020-11-25 03:51:10.528207+00
lyy77qth1ahv2f3jp3y7cjavi6u02uhr	.eJxVy0sKwjAUQNG9ZCxF0yQvcSh0HeH9JEVbwTQjce9GcaDTe7gPk7FtJbeq9zyLOZroze43EvJF17csOK8Dt7rdlo8PUy_X09f_poK19OMABBxDsISjcyS8B7WQvD-zJhkVIsUEDi2DBgEvmBIG6lUggIp5vgA-7TQ4:1kbWaI:I38o4HG_c6kSfd0r8hiP24cw-CDlao7VlZFOawNy1Co	2020-11-21 22:21:22.037452+00
aag9scqkvd2geqqucbwnkkwkeip68001	.eJxVy00OwiAQQOG7sDYNDPIzLk16DjIwEBptTaSsTO_ealzo9n15LxGorzX0lp9hYnER4MTpN0ZKt7y8ZaZpGVJv62P--DAe5X79-t9UqdXjQAccWRaIVhqj0aJiT0BgtCyWMyu0zqfs4tlYlF6hRwaFKHVhRVpsOx37Mss:1kcrS5:rhD-xzyrZt0zY3C201F1_WevkjGfqBdtM_ajKFZ4Zh4	2020-11-25 14:50:25.871408+00
se63i81oa7lvw67jpxegswbnyta18upr	.eJxVy0EKwjAQQNG7ZC1lMtrJxKXgOUKSmZCirWCalXh3q7jQ7X_8hwmxrzX0pvcwiTkai2B2vzXFfNHlTXOcliH3tt7mjw_nrVxPX_-bamx1O0AjFJ8JvVhAzZGF96iCjkdLXMAeGCRhIVFKnpJaxjyCcwUTWzLPF1VdM6I:1kbCnG:cwk4_l7DnXiziLKz8rwTjMsGDOoEdBYI0rKu6hcoO5E	2020-11-21 01:13:26.046282+00
6f75q8kwz0pb1hzs7yjm2ko60q0uy4yw	.eJxVy0EKwjAQQNG7ZC1lMtrJxKXgOUKSmZCirWCalXh3q7jQ7X_8hwmxrzX0pvcwiTkai2B2vzXFfNHlTXOcliH3tt7mjw_nrVxPX_-bamx1O0AjFJ8JvVhAzZGF96iCjkdLXMAeGCRhIVFKnpJaxjyCcwUTWzLPF1VdM6I:1kbCyg:RgPj7OH0AeDVgmacSFMfVQGKQgVOzI5PeLXvG5P1VlI	2020-11-21 01:25:14.855179+00
2y1pqsrmxie5u5ipiv4kjl671guy9a9z	.eJxVy0sKwjAUQNG9ZCxF0yQvcSh0HeH9JEVbwTQjce9GcaDTe7gPk7FtJbeq9zyLOZroze43EvJF17csOK8Dt7rdlo8PUy_X09f_poK19OMABBxDsISjcyS8B7WQvD-zJhkVIsUEDi2DBgEvmBIG6lUggIp5vgA-7TQ4:1kcthN:ldF6zkvY3fdIGVjNGOD_o07a1TnyzrPQIgBTixEuW5U	2020-11-25 17:14:21.033939+00
fyhy7yjb6710rym1tjqul6qw52nzelwi	.eJxVy0sOwiAUQNG9MDYNhQcBhyaug7wPhEZbEymjxr3bGgc6vSd3Uwn7WlNv-ZkmUWc1glWn30rIt7wcNOO0DNzb-pg_Plz3cr98_W-q2Op-RE2-gEaWQGKlCJMzwTOUIAQxEmUyJmoMbowAwOVQRpu9z84W9XoDgxc0zw:1kaUCR:vt2gejXQBAyR62dUdbYzLnNCnNI5CMxTRTS64dRFfVM	2020-11-19 01:36:27.224838+00
iw2v8v3bm72wpvkmc97oirodgu8fp0xt	.eJxVy00KwjAQQOG7ZC0lv9OpS8FzhMlkQoq2gmlW4t2t4kK37-M9VKS-1dib3OOc1VHBqA6_MRFfZH3LQvM6cG_bbfn4cN7L9fT1v6lSq_thGXwpyCITOdI8TsZ5DV6CcZQCao8ZcyqCAokJrANPRMEky9mhqOcLSqc0YA:1kaGDh:PZV0bej8GCxQXzvAxuHy1OkpbqkrEgoXhxQMYTvCxXc	2020-11-18 10:40:49.57781+00
jwjc6f5mxcvogjo4yxlk66tr1tmxxmtt	.eJxVy00KwjAQQOG7ZC0lP5NkcCl4jjAznZKirWCalXh3q7jQ7ft4D1Oob7X0pvcyj-ZoPKA5_FYmuej6poXmdZDettvy8eG8l-vp639TpVb3wwaXAkYhouA1UVRgzD46FyGDQ0uiI-XAyEjAE09ZckhqE7poQczzBUijM5Y:1kfBgS:hh1zf4ygvDx6Gd3ZHBo3vo2_1yxHwAlreH00x4aUWdU	2020-12-02 00:50:52.321974+00
rha9tkl2a4rxl5gm8f2r9pt0oafbtdb8	.eJxVy0sOwiAURuG9MDYN9CIPhyZdB_mBS2i0NZEyMu7dahzo9Hw5DxHQtxp643uYszgJp8XhN0akC69vWTCvQ-ptuy0fH6a9XM9f_5sqWt2PmMBwROyzJJfJsI6aytFHS8ohG_ikMoMMkgcVaZUdy6i09No4o8TzBVQBM6U:1kaH2g:25663HATbLtyNNsw9GHPTtzBZh4pggJxZhJpz0h499Q	2020-11-18 11:33:30.572873+00
b3nuamoz2khsuvieu63z0kcv1qf66i2y	.eJxVzc0KwjAQBOB32bOUbP7MehT6HGGbH1K0FUxzEt-9qXjQ63zMzAs8t634VtPTzxEuYAycfsOJwy2thyw8r0NodXssHx_GntyvX_8rFa7l2EJilbNQmAKqKGTQ2tpwNoqQXWYdiTIn6QyTcxRFN5aY-6exSBLeOyyAM3w:1kh9n3:g7cftTHIu2NAoG4NXOJAkNebsa9ENuRFdDmLl2QXGiw	2020-12-07 11:13:49.658952+00
h2miwazrxcvyr1qyt19pv8g25egx2owp	.eJxVy0EOwiAQQNG7sDYNMGUYXJp4DjLAEBptTaRdGe9uNS50-1_-Q0Xe1ha3Lvc4FXVUI6nDb0ycL7K8ZeZpGfLW19v88eG8l-vp639T4972w1Rtg_VQk9ZjEos1IaIrknIB8kiOAcRDQEeaIHgT0Eg1lqohzlo9Xx4cMsk:1kcZz5:sPeJTOsxfZZQdbfboZTR62und9Xkd5UZWylg-14ZUP0	2020-11-24 20:11:19.37042+00
3ro0l9crsc0noo7gvgs5vfiks5660ypy	.eJxVy00KwjAQQOG7ZC1lkubXpeA5wswkIUVbwTQr8e62xYVu38d7iYh9rbG3_IxTEmchgxGn30rIt7zsNOO0DNzb-pgPH65buV--_jdVbHU7iEzyYHMJjt0IAYqVoA1mTymD4WBQOtZcwEoEpROqQiM5RaytV0G8P2L_M_0:1kivw4:iOLj71iyeZT-A11TygllGeoeEdfOdwU5IYNkdog_5U4	2020-12-12 08:50:28.114875+00
ies1xhy526ansmw7x7f12wqzw340q8n6	.eJxVy00KwjAQQOG7ZC2l-TFOXAqeI8xMZkjRVjDNSry7VVzo9n28h8nY15p7k3ueijkaD2b3Gwn5IstbZpyWgXtbb_PHh_NWrqev_00VW90OG-kgFDWVgIKBIVHZByvMnkfHxWuMDiRhUATrk1VHMTBCGgGcU_N8AV7VNEE:1kaHwR:0PRvgXqVhMVy9xeRJlEOKJur7O3B6aJ7l8UJp9_DiNE	2020-11-18 12:31:07.28995+00
xiklwgq7tlflhkf2aq89qpw5lgxbe1ah	.eJxVy00KwjAQQOG7ZC0lM01mGpeC5wiTP1K0FUyzEu9uFRe6fR_vobz0rfre8t3PSR0VWFKH3xokXvL6pkXmdYi9bbfl48N5L9fT1_-mKq3uRwl6zM6VySXWEFGQijXE2UyFU2CIguwMajsKRoIAAETMEBxmk0k9X017MyA:1kas3D:_UEFxPix9-5JsBDlJg68UnsBZCVCj1HTrlsTMngynpE	2020-11-20 03:04:31.556613+00
pg37d3qgnmdkzghg77kr42rmxqhilt6h	.eJxVy0EOwiAQQNG7sDYNDAxSlyY9B5mBITTamkhZGe9uNS50-1_-Q0XqW429yT3OWZ2UMVodfitTusj6poXmdUi9bbfl48O0l-v5639TpVb3AzIXKFjIZwJ0R9HGOh8sOsfBmhEwcABhRyFrJ6RlRCmUwLNntFk9X1GVM_c:1kb9Qg:6BviwxWFBVlGzsQEQXDOuc93uLUt8rEEkwK13AmOSy0	2020-11-20 21:37:54.773376+00
4xgaac2u0j86zr94tw7yu4aq4b66jxcs	.eJxVy0EKwjAQQNG7ZC0lSUtmxqXgOcJkMiVFW8E0K_Hu1tKFbv_jv0zktpbYqj7jlM3ZwGBOvzGx3HT5yszT0kmr62Pevbtu5X45_G8qXMt2DJjV95kcBCvoiBWSpkzoQJhRma2OQhCSC5YCcvC9II0ZEnkhMe8PSww0VA:1kaJ3X:1URfQcQ1tpYsd464YHFbJBAH29mf8Iz6WI0TJKEBRCY	2020-11-18 13:42:31.827522+00
mn17826wwq6gzij9wwp9m99yakop0unf	.eJxVy00OwiAQQOG7sDYNDPIzLk16DjIwEBptTaSsTO_ealzo9n15LxGorzX0lp9hYnER4MTpN0ZKt7y8ZaZpGVJv62P--DAe5X79-t9UqdXjQAccWRaIVhqj0aJiT0BgtCyWMyu0zqfs4tlYlF6hRwaFKHVhRVpsOx37Mss:1kcC7Z:LRxJX5RdYmPTkjbc29SkSIlbsPsZNl0D_RwmknXV_f0	2020-11-23 18:42:29.046568+00
ly2f4wupiyp9petgsr1sqganu87d8aas	.eJxVzc0KwjAQBOB32bOUbP7MehT6HGGbH1K0FUxzEt-9qXjQ63zMzAs8t634VtPTzxEuYAycfsOJwy2thyw8r0NodXssHx_GntyvX_8rFa7l2EJilbNQmAKqKGTQ2tpwNoqQXWYdiTIn6QyTcxRFN5aY-6exSBLeOyyAM3w:1kboyt:BG4nSnMLJAwioymYqnbICiNY7GdVBp5e-Zuh6cNahkQ	2020-11-22 17:59:59.722749+00
ykq9se3clxg33cof8fmydjcga468cxt8	.eJxVy00OwiAQQOG7sDYNDPIzLk16DjIwEBptTaSsTO_ealzo9n15LxGorzX0lp9hYnER4MTpN0ZKt7y8ZaZpGVJv62P--DAe5X79-t9UqdXjQAccWRaIVhqj0aJiT0BgtCyWMyu0zqfs4tlYlF6hRwaFKHVhRVpsOx37Mss:1kcLQ5:rnVJf2JV5jCsWD0X1c-xNloHeT6Zhgz1whIicbmiL0U	2020-11-24 04:38:13.654427+00
6rd2ey8dxajsstd7h5vxnt1bnciym62c	.eJxVy00KwjAQQOG7ZC0lv9OpS8FzhMlkQoq2gmlW4t2t4kK37-M9VKS-1dib3OOc1VHBqA6_MRFfZH3LQvM6cG_bbfn4cN7L9fT1v6lSq_thGXwpyCITOdI8TsZ5DV6CcZQCao8ZcyqCAokJrANPRMEky9mhqOcLSqc0YA:1kapYK:dZHqMPTx2staDhcTz56HeH0WkmrAz89gDJtruBksXfs	2020-11-20 00:24:28.644733+00
lxh8gay1f46uplt5qy27gaq1kpfe4lku	.eJxVy0EOwiAQQNG7sDYNpTAwLk08B4GZITTamkhZGe9uNS50-1_-Q8XUtxp7k3ucWR0VgDr8xpzoIutbljSvA_W23ZaPD-e9XE9f_5tqanU_fJgCFkeFtB3JMDrPmRCnUEhEOGjIIKjRZu9MyIatzYxePAGPCdTzBUckNDI:1kaJkM:ZIKgSd8d_o6u84NpybXiZa72UqT0WhB_YdfK9WKfxX0	2020-11-18 14:26:46.463127+00
skz2cbj9l301cqlaec12qqqnei7rjyba	.eJxVi80OwiAMgN-Fs1kEKR0eTXwOUro2LLqZyDgZ3100HvT6_TxMoraV1Krc0zyZo7EAZvdLM_FF1rdaaF4HbnW7LR8_nDu5nr7-bypUSz_IK0fSPZCL7B1G0ZhFg80YRj2gwzwhhzF4tGB7bFkckIIiOgloni9vLzQp:1kappY:NMiiJaZsYPkoL5ORr-K3TSgrrgBEXc-w_fII_izVgk0	2020-11-20 00:42:16.445122+00
wnmtmaopv92xefkepij5156cv23yx51t	.eJxVy00KwjAQQOG7ZC3FpDo_LoWeI8wkE1K0FWyzEu9uFRe6fR_v4aK0tca22D2O2Z2c997tfqtKutj8pknGuUttWW_Tx7thK9fz1_-mKkvdDgPRpADECCIsqGgHEgglk9-XpJh9DiRHM8GSDbhnpMDJiEx7ds8XgTw07A:1kaLZS:-zqyRUh9P6tNQ39n5aboX5T1n_edd9bwOWM2y4LZQsw	2020-11-18 16:23:38.116562+00
arrk2yrahc2msot7ehb8iyswsiebm7dq	.eJxVy0EOwiAQRuG7sDYNMBRmXJp4DvIDTWi0NZGyMt7dalzo9n15DxXRtxp7m-5xLuqovFaH35iQL9P6lgXzOuTettvy8eG8l-vp639TRav7MYKL4URBEuxokV1AFsdgF8gEYoH1KFaMFqsZRJ45sJBoo51j9XwBElAx0w:1kaLtW:h4Yx5A6t5bCXGG9XC-D80enb4Yfd0U_GXKvdc-JmIwI	2020-11-18 16:44:22.832096+00
6iec8uki065xbsj2ag4ses8gn9t2naew	.eJxVy00KwjAQQOG7ZC1l0k5mEpeC5wiTP1K0FUyzEu9uFRe6fR_vobz0rfre8t3PSR0VGnX4jUHiJa9vWWReh9jbdls-Ppz3cj19_W-q0up-TEU7YbKWMzLLCEAjCJvgIFOZgDVQIk3BWU0FxLqIY2LMMWNAbdTzBQQrMow:1kb3rp:i2EFBK5zo9Udc3-cErWfjNDHQx_LFoN86Z80ymsqo3Y	2020-11-20 15:41:33.734315+00
0j9yhr58h8w3u1krk0v0akvu5vbeiktn	.eJxVi0sKwjAQQO-StZROaj7jUug5wswkIUVbwTQr8e5GcaHb93moQG0vodV0D0tUJ2WcOvxCJrmk7W1WWrZBWt1v68cPcyfX89f_TYVq6YdG5gSTcMoCOssx-yhkvct2csQGQBMS6NHihOQAOfpe2BEpejRWPV9cVjQT:1kaO5q:zNo-aceTC4AadOWG15tYj7tI1jyue2ryPGsnv4vzW3w	2020-11-18 19:05:14.534274+00
44cul9g6mmr4p7omjztqovagewc6tai6	.eJxVy00OwiAQQOG7sDYNDPIzLk16DjIwEBptTaSsTO_ealzo9n15LxGorzX0lp9hYnER4MTpN0ZKt7y8ZaZpGVJv62P--DAe5X79-t9UqdXjQAccWRaIVhqj0aJiT0BgtCyWMyu0zqfs4tlYlF6hRwaFKHVhRVpsOx37Mss:1kaOTK:BxTLV79R_NRpT5EvfYxRU9N_YZbOQzW0sVGG_Bk-res	2020-11-18 19:29:30.083109+00
ogq0mtgtn0mnisfea39k4y4houjiu24o	.eJxVy00KwjAQQOG7ZC1lkkmicSl4jjA_CSnaCqZdiXe3igvdvo_3MJnWpeW1l3se1RxNtGb3G5nkUua3TDTOg6x9uU0fH85buZ6-_jc16m07gHypVCsGx-QFHWtir4LINQYPFiEGK2BZiSAqYPJF95LgEGpKzjxfUrAz5g:1kbBFB:z6rSHM2Y-6uAcPBui8GUvvXE1Z2VHiap5xYfgAvEEMY	2020-11-20 23:34:09.826032+00
s66do5rklrncz5upxktjwf5jy1xohf8e	.eJxVi80KAiEQgN_FcyyOjjp2DHoOGdcBl9oNcj1F755Fh7p-Pw-VuO819Sb3tBR1VGTV4Rdmni-yvc3KyzbNve239eOn8yDX09f_TZVbHQdqTU4KSmYqJjN4AOKM1oj1VjudYwiIRoJACYXZQfEjNEBIMUT1fAEoxjMK:1kcWOC:NDmyR0SIp56M-Zj_gx_KjGmYhBftBP8Lmoe9i5Myd4c	2020-11-24 16:21:00.816733+00
u4pt56w0iosssxcdjqsoz6ebpnzvx53i	.eJxVy0sKwjAURuG9ZCwlMTeP61DoOsKfFynaCrYZiXu3igOdno_zEAF9a6Gv5R6mLE5CKSsOvzUiXcryphnTMqS-brf548O4l-v5639Tw9r2g1312rMDbNGaVc5Ok0reEKnouJIyshokJgmdDSBzqmwjjokQAfF8AUOrNC8:1kbCpw:4hzLSp_NuD5ydTWIon_cdXGLaWzkP6YSq3z190b4r7g	2020-11-21 01:16:12.572241+00
h65j8pj8o0t4zqix84cze1wyzi4mhp4q	.eJxVy00KwjAQQOG7ZC0lk79mXAqeI0wyU1K0FUyzEu9uFRe6fR_voRL1rabe5J5mVkcFYVSH35qpXGR900LzOpTettvy8eG8l-vp639TpVb3w0mgCdBgBlsKBsYSLWGMmr02nhnI66wxODJkR_ECU7ZsdHQBxLF6vgBUZDOj:1kbFOe:GwVHOPR_09bh6KVYMNOTWCMp73KySxBbja-MB1Lseww	2020-11-21 04:00:12.971819+00
7smi2xlpklgc752prsoprdkiyovm3fz1	.eJxVi7sOAiEQAP9la3MBFg7W0sTvIMsrXPTORI7K-O-isdBmipnMAzz3vfre8t0vCY4gUcPh1waOl7y908rLNsXe9tv66dN5mOvp2_-myq2OQ4RSbGbFGJC0tGwDzuxIkxmYk2aREhpB5ExUztiSCJENOyWLpALPF1AcM14:1kbZaR:14puCtGOumJQoQMhCzgvtOMxWNlR498vkn1-5VG9qXI	2020-11-22 01:33:43.424034+00
kslf1ux6et4ky3x5alb308tudj8nsu6c	.eJxVi0EOwiAQAP_C2TRdCggeTfoOsruwodHWRMrJ-HfReNDjzGQeKmLbS2w13-OS1ElpAHX4tYR8yds7rbhsA7e639ZPH-Zurudv_5sK1tIP78FqS-AdhaAxjKNk51KaDGDXkiXJ5JiJJqDOGpDMUSRZg8we1PMFVhA0sA:1kcXEZ:Y-8EqrczKF79T3CNdUtMC0S6woYLJNZlWQRWbqrGudI	2020-11-24 17:15:07.162347+00
jiboxlump1couyb712hergoaf0yo7t8k	.eJxVy0EKwjAQQNG7ZC1lOolN41LoOcLMZEKKtoJpVuLdreJCt__xHyZS20psVe9xTuZk8GjN4bcyyUXXNy00r520ut2Wj3fTXq7nr_9NhWrZDwWSnom9Cou4THmkXmEIvYOs1jnvrQAqQsKQMrsBGTQBoc159ME8X5EVNNo:1kjPhY:6VUDTwAnz_fiItvstyTkbw1Aht141fn4uobQmZep-IY	2020-12-13 16:37:28.338638+00
i6t8c268414tqtwnab0s017qko484e2e	.eJxVy0EKwjAQQNG7ZC0lSUtmxqXgOcJkMiVFW8E0K_Hu1tKFbv_jv0zktpbYqj7jlM3ZwGBOvzGx3HT5yszT0kmr62Pevbtu5X45_G8qXMt2DJjV95kcBCvoiBWSpkzoQJhRma2OQhCSC5YCcvC9II0ZEnkhMe8PSww0VA:1khHIH:CXvN-yAVSJ7KzQ5wS1kOD__H67Hw8-d9_BMooBzA7oQ	2020-12-07 19:14:33.826399+00
seu7tr9dsk22qbrogjg06lbz0midul7e	.eJxVy0EOwiAQQNG7sDYNDAxSlyY9B5mBITTamkhZGe9uNS50-1_-Q0XqW429yT3OWZ2UMVodfitTusj6poXmdUi9bbfl48O0l-v5639TpVb3AzIXKFjIZwJ0R9HGOh8sOsfBmhEwcABhRyFrJ6RlRCmUwLNntFk9X1GVM_c:1kjTtq:zYBEuorLqOIUZD-5r5_GTcUXf56KE-0i7jIkYTTvA_s	2020-12-13 21:06:26.752816+00
ey2wmg25hwr10odmp5ub5fuvhhgnizcn	.eJxVy00KwjAQQOG7ZC0lk79mXAqeI0wyU1K0FUyzEu9uFRe6fR_voRL1rabe5J5mVkcFYVSH35qpXGR900LzOpTettvy8eG8l-vp639TpVb3w0mgCdBgBlsKBsYSLWGMmr02nhnI66wxODJkR_ECU7ZsdHQBxLF6vgBUZDOj:1kfiXL:mv4-W_gha-d5dpA5Ql7Kgjp04Quvflq9dZD0YMd4p5k	2020-12-03 11:55:39.148938+00
1ns3nokvjmgoep8c2bxghu02dtyyq8qp	.eJxVy0EKwjAQQNG7ZC0lM42ZxqXQc4TMTEKKtoJpV-LdreJCt__xHyamba1xa_keJzUnA3Ywh9_KSS55edOcpqWTra23-ePduJfr-et_U02t7kcgHpDZW7QYRBEKhIKOvE_W9fZIoiwlE3FPmMFl9lzAMQipMqp5vgBIMzQk:1kcCdO:6zFva55-NuJKf75jlju5lFtpxjyVtpRm049jA3Yh-ik	2020-11-23 19:15:22.183677+00
i3nuubpd31pb2lkzak36x34s7bbswa6o	.eJxVy0EKwjAQQNG7ZC0l03QyjUvBc4SZTkKKtoJpVuLdreJCt__xHyZy20psNd3jrOZoIHhz-K3C0yWtb1p4Xrup1e22fLw77-V6-vrfVLiW_ZAJnBCpZ-7RKYdkyfV2kKwZOaA6JkYQQskWcBhHAmFVb1mRApjnC232NCk:1kcCg6:NunSdWgKsbsmBKS2Gr9IWL-cdhZxvwwrFRXy3AxXYJo	2020-11-23 19:18:10.379284+00
hkqyqxczssf3uthbj922fpxeq6ra43uk	.eJxVy0EKwjAQQNG7ZC0l03QyjUvBc4SZTkKKtoJpVuLdreJCt__xHyZy20psNd3jrOZoIHhz-K3C0yWtb1p4Xrup1e22fLw77-V6-vrfVLiW_ZAJnBCpZ-7RKYdkyfV2kKwZOaA6JkYQQskWcBhHAmFVb1mRApjnC232NCk:1kcCp3:SReg64IqQ-y7oMvb3Jiq9wdWlP_2Qf62xAZiy5dlBf8	2020-11-23 19:27:25.654536+00
292twoa2pnol01jpw1pn6oo97bywhabj	.eJxVy8EKwjAMgOF36VlGEhptPQo-x0iblA7dBLuexHd3ige9_h__w43S1zr2ZvdxUnd0hOx2vzVJvtjyplmmZci9rbf548N5K9fT1_-mKq1uR1ZVwqAQ4wELG5lJ5AQQvC_AwSelbEH2zIUUKBOCBsbMYIVQ3fMFY0Yz9A:1kcfUG:ZtRt9TsBVyV1H8WQ0W9veLwWq-KNqpMEHbxHINOnjSo	2020-11-25 02:03:52.274967+00
npdb3llcmenjj8j9bem21z5hdtde2y72	.eJxVy00KwjAQQOG7ZC0lk8lP61LwHCEzmZCirWCalXh3q7jQ7ft4DxVT32rsTe5xzuqoIBh1-K2U-CLrm5Y0rwP3tt2Wjw_nvVxPX_-bamp1P7Q12hgQTWhddsTsC3JyZcw5e4CChYDNhMEGQpQJUJP4YEZA1gLq-QJPNjOE:1kcE6P:VMxCdRLdD0La1qHkycC51MjOPlj5yVro0mIJtbQN4vQ	2020-11-23 20:49:25.233166+00
iqyzp01n0w5zd2az3ifyl74zr8qnf785	.eJxVy0EOwiAQQNG7sDbNDAMTcGniOchAITTamkhZGe9ubbrQ7X_5LxWkrzX0lp9hGtVZIZE6_dYo6ZaXL80yLUPqbX3Muw_Xrdwvh_9NVVrdDikiWpgMRG2ctZi9p8TJAXs2GSwjjFRIG7KoC7gsghDZoyXNxqv3Bze5MnA:1kbqJw:RCGgLTp_4yyoYIyWdF2i7n_dizIdbxgI6UI5QF32UTU	2020-11-22 19:25:48.756306+00
uwjwepmamvq2xznyg1lmovltj3w4qwzf	.eJxVy0EOwiAQQNG7sDbNAAWKS5Oeg8wwY2i0NZGyanp3q3Gh2__yN5WwrSW1Ks80sTorHbU6_VbCfJPlTTNOS5dbXR_zx7vxKPfL1_-mgrUch_jgdHQGnLEuaoNIQVA8sPWBKGD22nAcerA5AIlY4weWHiLx1QGp_QU8BjOb:1kcptz:iuSGz4tIXzKQziotbmShXCEb8sKqpetuvH1HB3m0oW8	2020-11-25 13:11:07.512192+00
x47u5y4ck38ba1txfqlpv9i7ozzsy246	.eJxVi80KAiEQgN_FcyyOjjp2DHoOGdcBl9oNcj1F755Fh7p-Pw-VuO819Sb3tBR1VGTV4Rdmni-yvc3KyzbNve239eOn8yDX09f_TZVbHQdqTU4KSmYqJjN4AOKM1oj1VjudYwiIRoJACYXZQfEjNEBIMUT1fAEoxjMK:1kcFbi:DjHMVsddVl6wAg7k7t_sfzk3H8aRDUcG493OJmWJQu8	2020-11-23 22:25:50.739361+00
hcinvvdclbdaplimm6pfovcmhjkhj855	.eJxVy00KwjAQQOG7ZC3FmJhJXAo9R5ifDCnaCqZZiXe3igvdvo_3MBn7WnNv5Z4nMSdjUzS730rIl7K8acZpGbi39TZ_fBi3cj1__W-q2Op2FLHBRpWUWOHolcWVg0RGpwGBbQqEQM4refUkTvcADOidTVAKk3m-AIzHNUA:1kcGFd:dzGajGTj75YwG9W8zSlBTSSp0rgN44mO2G_GSpFjGwc	2020-11-23 23:07:05.865233+00
wdw1gpzbc0xjoa18onjjq9lryyv7zj2l	.eJxVy00KwjAQQOG7ZC1lOpNpEpeC5wiZ_JCirWCalXh3q7jQ7ft4D-VD36rvLd_9nNRRIYA6_FYJ8ZLXNy1hXofY23ZbPj6c93I9ff1vqqHV_WBhnUFoNCM7plBsouyQkA0k1sIIFhFKFpkAi8RkrNGRJgMcrQP1fAEvVzLX:1kcGKa:8VupcGnGGkknwoG8jOi6HoePHwYEedxLQydCdSLB17g	2020-11-23 23:12:12.253439+00
784g50tghcexsrisnpwjyqbl9fi3k049	.eJxVy00KwjAQQOG7ZC0lv9OpS8FzhMlkQoq2gmlW4t2t4kK37-M9VKS-1dib3OOc1VHBqA6_MRFfZH3LQvM6cG_bbfn4cN7L9fT1v6lSq_thGXwpyCITOdI8TsZ5DV6CcZQCao8ZcyqCAokJrANPRMEky9mhqOcLSqc0YA:1kcsmZ:uO2Y9960NgMIvDpZZmHbiJzrQjbaJO_I3xpR2CqXffw	2020-11-25 16:15:39.940826+00
g174ddrf1qr2agt1piat1lyse8h3g9ah	.eJxVi8sKwjAQAP8lZyl5bG3Wo9DvCJvshhRtBdOcxH83ige9DTPMQwVqewmtyj0srE7Ke3X4lZHSRbZ3WWnZhtTqfls_fZi7uZ6__W8qVEs_hDPoES2LBXZZe04TZeqMRkcLFkbErK1ANE4SQzJHjTQ5IYwOWD1fSVwz_w:1kcGdZ:jSRJQOG3Sgyf6qEgr6y8vbaUjwNi64DUFMrSa-LW0PA	2020-11-23 23:31:49.654633+00
4sfeoku7vvaoxvwvyhsazvn4ze1ywetb	.eJxVy00KwjAQQOG7ZC1lkkmicSl4jjA_CSnaCqZdiXe3igvdvo_3MJnWpeW1l3se1RxNtGb3G5nkUua3TDTOg6x9uU0fH85buZ6-_jc16m07gHypVCsGx-QFHWtir4LINQYPFiEGK2BZiSAqYPJF95LgEGpKzjxfUrAz5g:1kdBmG:hPBRwsvCk-NtE72BwSx4HyhzM6M9SDLLx_EoI_8H2KQ	2020-11-26 12:32:36.236593+00
jnzsd8p6vut7s6j3zf2gv6zttq9d7i0t	.eJxVi8sKwjAQAP8lZyl5bG3Wo9DvCJvshhRtBdOcxH83ige9DTPMQwVqewmtyj0srE7Ke3X4lZHSRbZ3WWnZhtTqfls_fZi7uZ6__W8qVEs_hDPoES2LBXZZe04TZeqMRkcLFkbErK1ANE4SQzJHjTQ5IYwOWD1fSVwz_w:1kcGp3:gkmBhiSq9jT8dANSfjH_qQWzfSs9n18Rww9ElA2y3_w	2020-11-23 23:43:41.300649+00
cm98va22zejsz58pc87kxtmfm6db238i	.eJxVy00KwjAQQOG7ZC3F_HQmcSl4jjDJTEjRVjDNSry7rbjQ7ft4TxWprzX2Jo84sTqp0avDb0yUr7LsMtO0DLm39T5_fLhs5Xb--t9UqdXtkCOCNaEYpOCB2CVBLQUlk2iGnDwhOjYaE3O2ATy5EpIJjiwQgHq9AVA4NE8:1kdCA9:1HUsrLnbytOqeMPX9mWgJ9dDrQKw4h2u1hTZJNeXCn4	2020-11-26 12:57:17.017748+00
5ytow9yzp7yx5fjkkz79xv8qysng3hbp	.eJxVy00KwjAQQOG7ZC2lmc5kEpeC5wiTP1K0FUyzEu9uFRe6fR_vobz0rfre8t3PSR2VJlSH3xokXvL6pkXmdYi9bbfl48N5L9fT1_-mKq3uh82CDJgcC0QpydEY0RALj5qmQhYC6WInsDqhIx05ADjDxqHJxJN6vgBB3TKg:1kdHC9:Y9zDKuYgMeWevsxzr6j_TUltAMXy6HkbcLK4XOZQJPw	2020-11-26 18:19:41.10824+00
5qq4c5oi3knovp930brdvsd0g9pemr9q	.eJxVy00OwiAQQOG7sDYNDPIzLk16DjIwEBptTaSsTO_ealzo9n15LxGorzX0lp9hYnER4MTpN0ZKt7y8ZaZpGVJv62P--DAe5X79-t9UqdXjQAccWRaIVhqj0aJiT0BgtCyWMyu0zqfs4tlYlF6hRwaFKHVhRVpsOx37Mss:1kcud7:AjZUoZ-nHhC0FBJvhQA3u9q9232eC6JILY7yTJ0Y104	2020-11-25 18:14:01.395259+00
3fdn9amnxer3qmbd341aurrm9poqusqv	.eJxVjcsKwjAQAP8lZyl5sHHXo-B3hM1mIUVbwTSn4r8bxYNeZxhmN4n7VlNv-khzMScDZA6_MLNcdX2bhed1kt62-_Lx02WQ2_nr_6LKrY7CIXkIwSPbjFqIvAYJkbIKklUoCg7ZeTyCaAxsQcVlchQJxpfM8wUg6zNf:1kdLrJ:ru09Hf8EV4S2ddaQ2RXqTS9VKBHyX6WUMoyUSKe7LRw	2020-11-26 23:18:29.943018+00
zsowov9wf7m1xpbt9iivuys52ptbrb84	.eJxVi8sKwjAQAP8lZymN2TarR6HfEdZ9kKKtYJqT-O9G8aC3YYZ5uER1y6kWvadZ3NEBuN2vPBNfdH2Xhea141q22_Lp3dTM9fTtf1OmktsRgJV4GDEwAwIZ2_7Qs0AwFB7ARFTjSMK9DxZZkRp70EgYPIJ7vgBuXzUm:1kdNNO:eRuwsD5p7I_XhS7bk_CdhhxcT4JnfGov8Lu4cbw6aP8	2020-11-27 00:55:42.570527+00
lmebw9kmm5f9az8xhbaknziibb4oyvvg	.eJxVi0sOwiAQQO8ya9MMSIG6NPEcZAaG0GhrImVlvLvUuNDt-zwhUNtKaFUeYU5wAoUIh1_KFK-y7mqheR1iq9t9-fjh0snt_PV_U6Fa-pHYejIxGXY-W5FJrPYWjU-TzhkpsyaXRpePhpXjTokRlacestEMrzd1rzSU:1kdPwD:uNXEqCyfdnCkozAV30d46EDu1kap1veREHdDwr_zVKg	2020-11-27 03:39:49.935948+00
a788dukvf7xw1pnuac2yscoeizy2gz9f	.eJxVy00OwiAQQOG7sDYNMPyNSxPPQQYYQqOtiZSV8e5W40K378t7iEhja3F0vse5iKPQ2orDb02UL7y-aaF5nfLo2235-HTey_X09b-pUW_7oUJQOVPS2gfnoJZUyWIFa4sBRZgdeyjBSzYJ2KALgJic9YzSmyLF8wVTlzNm:1kdODm:28AOyXqbsP2s91FVeIPcXONbhxwExjsaeIjhk8C1eqs	2020-11-27 01:49:50.792421+00
6gr8bmsgy930l182c0oya5thrj3729by	.eJxVy00KwjAQQOG7ZC1lkubXpeA5wswkIUVbwTQr8e62xYVu38d7iYh9rbG3_IxTEmchgxGn30rIt7zsNOO0DNzb-pgPH65buV--_jdVbHU7iEzyYHMJjt0IAYqVoA1mTymD4WBQOtZcwEoEpROqQiM5RaytV0G8P2L_M_0:1kddJn:SmJ7ioW86CU8qqcg6JEfMe9AFKRS6lXXbG2VkQMzNQw	2020-11-27 17:57:03.78531+00
ek8vwek7mvjofl8ppss19nagbhmy9hk1	.eJxVzMsKwjAQheF3yVpKbpNMXAo-R5nJpKRoK5hmJb67Vlzo9v8456FG6lsdeyv3cRZ1VNYbdfitTPlS1p0Wmtch97bdlo8P53e5nr7-N6rU6n5m9CQszuVgAYERySAEw8ZrEISIsbggiYECauGUxAexObk0RQajni86hDMp:1kegdR:OnRyzS6tsNBTOIKPOTDWqEB-udM8uCKTDJ0-LT_G1Cs	2020-11-30 15:41:41.551623+00
maejju2j4yydov8mk6pisqvxz51ckydx	.eJxVy0EOwiAQQNG7sDYNLTMwuDTxHGQYIDTamkhZGe9uNS50-1_-QwXuWw295XuYkzoqtOrwGyPLJa9vWXheB-ltuy0fH857uZ6-_jdVbnU_nEXvMbF44iQFQWcNpVgoJGJStCNNxdI0IpNj0Gx0QjBRI2R2lNXzBT7-M7I:1khCar:1ADm_liOpWorsaWwnCAGy5dMHXya1OmnCHABK9G2tp8	2020-12-07 14:13:25.864888+00
wkkudojofdgaj8stenesu7jcgffkpdbx	.eJxVy00KwjAQQOG7ZC1l0k5mEpeC5wiTP1K0FUyzEu9uFRe6fR_vobz0rfre8t3PSR0VGnX4jUHiJa9vWWReh9jbdls-Ppz3cj19_W-q0up-TEU7YbKWMzLLCEAjCJvgIFOZgDVQIk3BWU0FxLqIY2LMMWNAbdTzBQQrMow:1kfXqR:zMt5ik6fsdNmgLGPtY3_RvAaxNDp00uEzuL6teZcabI	2020-12-03 00:30:39.637188+00
hcvhx4oa9ql48dpfq46eq8wdj0m60hc3	.eJxVi0sOwiAQQO8ya9MMSIG6NPEcZAaG0GhrImVlvLvUuNDt-zwhUNtKaFUeYU5wAoUIh1_KFK-y7mqheR1iq9t9-fjh0snt_PV_U6Fa-pHYejIxGXY-W5FJrPYWjU-TzhkpsyaXRpePhpXjTokRlacestEMrzd1rzSU:1khk8P:lBBt7om0jsI-w7FcLggNPe3TlBy3jnqHMH3nP1feG-k	2020-12-09 02:02:17.716059+00
mxp0kb7ap6kyl6zau4pkv3u91d0khrls	.eJxVy0EKwjAQQNG7ZC1lpiZpxqXQc4RkZkqKtoJpVuLdreJCt__xHyamtpXYqt7jLOZkkAZz-K058UXXNy1pXjtudbstH-_GvVzPX_-bSqplPwiOHhWysKhTHjzaSdAlR30Gb0mAQKfAoIEt9sLIRBpyTgFQXDbPF2b4NGQ:1kddbV:U5gbhgoAI_OZTbCwYR5aEGK6AUDv5W5QKhvsRXEsoU0	2020-11-27 18:15:21.435553+00
q6sy0h057k8cm1l7a1hea5bwb4qeylzk	.eJxVi0sKwjAQQO-StZROaj7jUug5wswkIUVbwTQr8e5GcaHb93moQG0vodV0D0tUJ2WcOvxCJrmk7W1WWrZBWt1v68cPcyfX89f_TYVq6YdG5gSTcMoCOssx-yhkvct2csQGQBMS6NHihOQAOfpe2BEpejRWPV9cVjQT:1kfjhU:zauqA_lCvwT-7mHRlLVzfBqijA9TE6ipfsZs3LHDXWc	2020-12-03 13:10:12.036215+00
k7rinb7ulb853dm53pfyf6nd0v5a8fzb	.eJxVi0sKwjAQQO-StZTJj4kuBc8RJpMJKdoKplkV724UF7p9n11F6luNvckjzlmdlLGgDr80EV9lfauF5nXi3rb78vHTZZDb-ev_pkqtjsODRbbkArHJLiMGT1pIHLFn4wLgEUoJWjuxKXmQEmAURVCjZEnq-QJWyzRV:1kfn2M:bJCYhK00eGQi1cvdmL1-3Ap-u59QsfGllcSKkWs3Rj4	2020-12-03 16:43:58.019105+00
8s0puq5uu0mz9eqgjpvuntlduz7b8xvm	.eJxVy00KwjAQQOG7ZC0lP5NJ41LwHGEmmZCirWCblXh3q7jQ7ft4D5Woby31Ve5pKuqorBvV4bcy5Yssb5ppWobc1-02f3w47-V6-vrf1Ght-yEOUXyBOKKNjLVKEY6BM5IN2XiBGgxbCKRdAY9Fe00Qs0FgyxHU8wVo9TPj:1kdvoY:2tbJFCSWtnyu33LT0oaD-W_sepMLXCiLR5MvHXtRxjU	2020-11-28 13:42:02.54276+00
5ust1929245ftwynxmrhgs42pz1aapde	.eJxVy0EKwjAQQNG7ZC1lJomT6FLwHCGTmZCirWDalXh3q7jQ7X_8h0l5XVpau97TKOZo0IPZ_VbO5aLzm6Y8zkNZ-3KbPj6ct3I9ff1varm37WAHlTFoZQJPFkSpiCraPXjlKoGcJyAJLKgu-nzIQjGiCxUpBmueL2gLM9E:1khJAp:dU4NvqUiXSCcC6egIbL2GNtltjTweJG3GT9LFMO9CH4	2020-12-07 21:14:59.039926+00
c716pb3k5wacnpdjlcyiixxewgo2wqyv	.eJxVy0sOwiAUQNG9MDYNhQcBhyaug7wPhEZbEymjxr3bGgc6vSd3Uwn7WlNv-ZkmUWc1glWn30rIt7wcNOO0DNzb-pg_Plz3cr98_W-q2Op-RE2-gEaWQGKlCJMzwTOUIAQxEmUyJmoMbowAwOVQRpu9z84W9XoDgxc0zw:1kdz70:QDjyYHy994BR-nSTVoO6mO3Jfe_gYP42qF6g7zNMyKg	2020-11-28 17:13:18.072549+00
ain9omtdopw5cs6knyhy9mwmf6at36zp	.eJxVjcsKwjAQRf8laymTSZqHS6HfEWbSkRRtBdOsxH83igvdnsO596EStb2kVuWellkdlQZUh1_KlC-yvdVKyzbkVvfb-vHD1Mn19PV_UaFaepFpNHa01sWg0WjpWx5mKx4t-v4kRjTHc0AA52gmQAxgJBKT18ysni8ucjNH:1kgaJZ:kOw5KqE5TE8VNTQD5fgAo3Gdh80EOifv98TbMaG14Rw	2020-12-05 21:21:01.040368+00
0h8e7m39btfn1r6j8ogwywbcay95k72h	.eJxVy0EOwiAQQNG7sDYNDAwwLk08B5nCNDTamkhZGe9uNS50-1_-QyXuW029yT3NRR2V0V4dfuvI-SLrmxae1yH3tt2Wjw_nvVxPX_-bKre6H5MPGUFCjhmJjNXBesBio5BB1KaQaEcEzgXkOIGW0aKwSHBgCUA9Xyr2Mps:1kde3M:OhaFPZiAAs5SjdAvUFIie53sdowLsznWEnzZQoHrnBs	2020-11-27 18:44:08.856633+00
4zf7teuvnr02wszivhd8zd9649ko9vww	.eJxVi0sOwiAQQO8ya9MMSIG6NPEcZAaG0GhrImVlvLvUuNDt-zwhUNtKaFUeYU5wAoUIh1_KFK-y7mqheR1iq9t9-fjh0snt_PV_U6Fa-pHYejIxGXY-W5FJrPYWjU-TzhkpsyaXRpePhpXjTokRlacestEMrzd1rzSU:1keoDU:t8nRQ7-zfWYxoOGFaWUCE0AjUs7Gl33kYx2i8B7jeiM	2020-11-30 23:47:24.764421+00
juj4nkvw4vatybmm29lc81v0iz74igta	.eJxVy00OwiAQQOG7sDYNDPIzLk16DjIwEBptTaSsTO_ealzo9n15LxGorzX0lp9hYnER4MTpN0ZKt7y8ZaZpGVJv62P--DAe5X79-t9UqdXjQAccWRaIVhqj0aJiT0BgtCyWMyu0zqfs4tlYlF6hRwaFKHVhRVpsOx37Mss:1kj2sf:zsbTcX9P2T2XMxXaEgTI8ffxjfpLNZUmL0Voaz1cOfY	2020-12-12 16:15:25.067396+00
jhh4aiwcjio41l67qv0tkkique3966ew	.eJxVy00OwiAQQOG7sDYNDPIzLk16DjIwEBptTaSsTO_ealzo9n15LxGorzX0lp9hYnER4MTpN0ZKt7y8ZaZpGVJv62P--DAe5X79-t9UqdXjQAccWRaIVhqj0aJiT0BgtCyWMyu0zqfs4tlYlF6hRwaFKHVhRVpsOx37Mss:1kdjXY:E0H3BQ_xZ-mnQTHlJdgmYgbfdW568BeCjMLrdnIfbyQ	2020-11-28 00:35:40.013073+00
mcfqc0c1gig5wmdbwl7dklxh33l6ui4i	.eJxVy0EOwiAQQNG7sDYNpTAwLk08B4GZITTamkhZGe9uNS50-1_-Q8XUtxp7k3ucWR0VgDr8xpzoIutbljSvA_W23ZaPD-e9XE9f_5tqanU_fJgCFkeFtB3JMDrPmRCnUEhEOGjIIKjRZu9MyIatzYxePAGPCdTzBUckNDI:1kfkCN:_iXstKqkvoS-bMluz6QgHZkF7wybt6zJpCrekDni9Gc	2020-12-03 13:42:07.620568+00
5pqp2lpcbjcnhfi4tlhq5ghni5hpa22j	.eJxVi0sKAjEQBe-StQx0J2nTLgXPETo_MuiMYCarwbsbxYW-3auiduWlb9X3lh9-TuqkDKrDLwwSr3l9m0XmdYq9bffl46fLILfz1_9FVVodRQYngIkTkEHIzMZEMBAKHotFTcUw09CWWI9nxzSWTA6TS0JBPV8QxjLT:1kdxh4:eyNW_2eeRIrAQDP7LZaeZQxD4ixYylFyW8hdgBsMncA	2020-11-28 15:42:26.419764+00
snt1da3ailz84mqbfwl30wl0d0ixs09f	.eJxVzc0KwjAQBOB32bOUbP7MehT6HGGbH1K0FUxzEt-9qXjQ63zMzAs8t634VtPTzxEuYAycfsOJwy2thyw8r0NodXssHx_GntyvX_8rFa7l2EJilbNQmAKqKGTQ2tpwNoqQXWYdiTIn6QyTcxRFN5aY-6exSBLeOyyAM3w:1ke2oE:DjeJLBb-cVnipgryWWPBKqwC88eR5n64-0gbkLv01Zc	2020-11-28 21:10:10.278712+00
s6dwkbnxsbtmy92lpgk0ervi88y8my9z	.eJxVy00OwiAQQOG7sDYNDPIzLk16DjIwEBptTaSsTO_ealzo9n15LxGorzX0lp9hYnER4MTpN0ZKt7y8ZaZpGVJv62P--DAe5X79-t9UqdXjQAccWRaIVhqj0aJiT0BgtCyWMyu0zqfs4tlYlF6hRwaFKHVhRVpsOx37Mss:1khMU9:NiTWke5hgVmf_r8KdrZn-Za9x2PLRfIVbNNGwxmB8LQ	2020-12-08 00:47:09.645427+00
vn43napa3po742ety2l9nhuldobx9suv	.eJxVy00KwjAQQOG7ZC0lmcmvS8FzhEkmIUVbwTYr8e5GcaHb9_EeIlLfW-xbuceZxVGgE4ffmChfyvqWheZ1yn3bb8vHp_Mo19PX_6ZGWxtHIEBNVlMtNbBMhB6C1RnQejaOtZIueXQGgFEmm23IwMq4sRRVlXi-ACjpMxM:1kgaKi:jJ5JoFKdemYTjIKo7IObjGPh7jp6y6r-rIEE8l3sLcY	2020-12-05 21:22:12.7655+00
lgb6f4o4vypf3hj8f39cpw52rdmki2la	.eJxVy00OwiAQQOG7sDYNP8PAuDTxHIQyEBptTaSsjHcXjQvdvi_vIULsew295XtYWByFtlIcfusc0yVvb1rjsk2pt_22fnw6j3I9ff1vqrHVcYB1BIxkDCgfNReDzjEzKnCqoJ8LEQy1OiXSEVGiZnKZi_TgvRPPFyozMrg:1khlw6:w66SBdNusMoRW-AUn7JrOZ8IfFBPsONZ9J46qBQ3Sb4	2020-12-09 03:57:42.834919+00
eoprremr7b8brw1ysjc630vn1uaj863u	.eJxVi80KAiEQgN_FcyyOjjp2DHoOGdcBl9oNcj1F755Fh7p-Pw-VuO819Sb3tBR1VGTV4Rdmni-yvc3KyzbNve239eOn8yDX09f_TZVbHQdqTU4KSmYqJjN4AOKM1oj1VjudYwiIRoJACYXZQfEjNEBIMUT1fAEoxjMK:1kjXT8:MbqegR_t4K_4Og7AoGVm1rDiB1rFH4vGjMLFaPAWybg	2020-12-14 00:55:06.945181+00
s1zqoudttzfgb9ly5s5gsyftytu3ngxl	.eJxVy8sKwjAQQNF_yVpKXtOZuhT8jpDHDCnaCqZZif9uFRe6vYf7UCH2rYbe-B7moo7KglGH35pivvD6piXO65B7227Lx4fzXq6nr_9NNba6H1p7YgYgVyRZG70IkiBSAT0lQHTJ-lFwnIwkQkYga0z2msBxJlHPF0SMMzw:1kiHBg:ppiPVp_ro39ZRjsceHzYYeCI_XzaPl7qpApR4Hf5dHs	2020-12-10 13:19:52.650944+00
8wuhtzgi63fk4apkw0gnorpo5ui86ytx	.eJxVi0sKwjAQQO-StZTJj4kuBc8RJpMJKdoKplkV724UF7p9n11F6luNvckjzlmdlLGgDr80EV9lfauF5nXi3rb78vHTZZDb-ev_pkqtjsODRbbkArHJLiMGT1pIHLFn4wLgEUoJWjuxKXmQEmAURVCjZEnq-QJWyzRV:1keaSM:57_QciEXLBF0kJnaBF73LolhtHf-8Lnrq4HrBnd4-UM	2020-11-30 09:05:50.451695+00
dbtyuwhwia4jrzykw6k25d8p2bna3176	.eJxVy0EOwiAQQNG7sDYNMGUYXJp4DjLAEBptTaRdGe9uNS50-1_-Q0Xe1ha3Lvc4FXVUI6nDb0ycL7K8ZeZpGfLW19v88eG8l-vp639T4972w1Rtg_VQk9ZjEos1IaIrknIB8kiOAcRDQEeaIHgT0Eg1lqohzlo9Xx4cMsk:1keou2:JK-MkuY8QtISOusdzM0xTVxdFR3hGXC8L1HxYt4ezU4	2020-12-01 00:31:22.952429+00
aa5pm1btg61gomc1z4cbgm5lzipt21vc	.eJxVy00KwjAQQOG7ZC1lOpNpEpeC5wiZ_JCirWCalXh3q7jQ7ft4D-VD36rvLd_9nNRRIYA6_FYJ8ZLXNy1hXofY23ZbPj6c93I9ff1vqqHV_WBhnUFoNCM7plBsouyQkA0k1sIIFhFKFpkAi8RkrNGRJgMcrQP1fAEvVzLX:1kj4X8:ivl2mgBzjSZkZYOiMDQJcMY_Q7aaDDAylgKE70-vWuA	2020-12-12 18:01:18.057904+00
t1kvesyxlla1rwdjoxmy7bih8144e0u8	.eJxVi0sKwjAQQO-StZQ2ZprEpdBzhPlkSNFWMO1KvLtRXOj2fR4m4b6VtNd8T7OYkxksmMMvJeRLXt9qwXnteK_bbfn4bmrkev76v6lgLe3wYUAYY88eojomkci9B3KORsyBrdUoElRckKwKRwLNrSMgchzEPF9xATVt:1keqow:w85zfetw25gAOK_1pSxhObxEHErTgmvgm4rYwyYh-Fk	2020-12-01 02:34:14.950069+00
88ivrclduvcdbfzldh1u4zddbqwq6yf3	.eJxVy0EOwiAQQNG7sDYNDAxSlyY9B5mBITTamkhZGe9uNS50-1_-Q0XqW429yT3OWZ2UMVodfitTusj6poXmdUi9bbfl48O0l-v5639TpVb3AzIXKFjIZwJ0R9HGOh8sOsfBmhEwcABhRyFrJ6RlRCmUwLNntFk9X1GVM_c:1kjOxh:hp82bhDovG8RNJ2rlzLbKSAvvaq42-1Q68_UiSUYhHI	2020-12-13 15:50:05.715569+00
h8kqa0xgbdpkdawb78vujclt2qa5162j	.eJxVy0EOwiAQQNG7sDYNDAxSlyY9B5mBITTamkhZGe9uNS50-1_-Q0XqW429yT3OWZ2UMVodfitTusj6poXmdUi9bbfl48O0l-v5639TpVb3AzIXKFjIZwJ0R9HGOh8sOsfBmhEwcABhRyFrJ6RlRCmUwLNntFk9X1GVM_c:1kiHC4:xaBiJf6rhe-mn210t0zz4Vs-EHT_L4hnPA-9XTXcC34	2020-12-10 13:20:16.949218+00
vc0pq51ruhk9mum3isqbx8tr1ht42ytj	.eJxVy0sOwiAUQNG9MDYNhQcBhyaug7wPhEZbEymjxr3bGgc6vSd3Uwn7WlNv-ZkmUWc1glWn30rIt7wcNOO0DNzb-pg_Plz3cr98_W-q2Op-RE2-gEaWQGKlCJMzwTOUIAQxEmUyJmoMbowAwOVQRpu9z84W9XoDgxc0zw:1khHHN:jJhBdIJ59FL-vn9jGSNqU1YYXhwTrj1Pt6UdFps8dY4	2020-12-07 19:13:37.765502+00
q69on02txfqpjwqpttv1akfhkrxexs3j	.eJxVy0EKwjAQQNG7ZC1lkrGZ1KXQc4TJNEOKtoJpVuLdreJCt__xHyZy20psNd_jPJmTsZbM4bcmlkte37TwvHbS6nZbPt6Ne7mev_43Fa5lP5wIMvaMIApBibzVnjgHhISTUj6y86iBVbJCIkcwCCNbUCsDe_N8AWrMNIM:1kfUJO:I9ASI7lM0Y9nVt2F7R8OYLGyllwBe5_92BIuRSaVcc8	2020-12-02 20:44:18.137396+00
b16gdcidqf7xquo6i1n748nytacg1qdp	.eJxVi8sKwjAQAP8lZymN2TarR6HfEdZ9kKKtYJqT-O9G8aC3YYZ5uER1y6kWvadZ3NEBuN2vPBNfdH2Xhea141q22_Lp3dTM9fTtf1OmktsRgJV4GDEwAwIZ2_7Qs0AwFB7ARFTjSMK9DxZZkRp70EgYPIJ7vgBuXzUm:1kjD5D:xPKZst08-HNB4OmyyodrC743F4Yxlu12xpcEwH6-N9M	2020-12-13 03:09:03.854448+00
kjiciu8qbrdtdtjqglb90ydi8vlf41or	.eJxVy0sKwjAURuG9ZCwlMTeP61DoOsKfFynaCrYZiXu3igOdno_zEAF9a6Gv5R6mLE5CKSsOvzUiXcryphnTMqS-brf548O4l-v5639Tw9r2g1312rMDbNGaVc5Ok0reEKnouJIyshokJgmdDSBzqmwjjokQAfF8AUOrNC8:1kjXSH:RBGTT3_JyQc2EzfqZtpOcvvTQaN5KM0nZbmhRxivamE	2020-12-14 00:54:13.821754+00
ow64ds4u0vsvo3h4oj7x9az269oph7js	.eJxVy00OwiAQQOG7sDYNDPIzLk16DjIwEBptTaSsTO_ealzo9n15LxGorzX0lp9hYnER4MTpN0ZKt7y8ZaZpGVJv62P--DAe5X79-t9UqdXjQAccWRaIVhqj0aJiT0BgtCyWMyu0zqfs4tlYlF6hRwaFKHVhRVpsOx37Mss:1kdkwh:LMfFk3D5SzE0CC39HMVq6xsU9Ni-E0Y07PDJDTHfivU	2020-11-28 02:05:43.75477+00
lq0awjzja4hzsp2j1amuszn4tcut3nvu	.eJxVy0sKwjAURuG9ZCwlrya5DgXXEf4kN6RoK5h2JO7dKg50ej7OQ0Rsa4tb53ucijgKPWpx-K0J-cLLm2ZMy5C3vt7mjw_nvVxPX_-bGnrbDwk7kkPSrnpFpahCJUgwYDiTDDaxd8naEJTJMleQITbKg6siCymeL2TSNDQ:1kiHwJ:OduHoNg3tVADmVWXqsV3WtbiBgKdVoGFv3UYSNwnuY4	2020-12-10 14:08:03.32117+00
\.


--
-- Data for Name: djcelery_crontabschedule; Type: TABLE DATA; Schema: public; Owner: postgres
--

COPY public.djcelery_crontabschedule (id, minute, hour, day_of_week, day_of_month, month_of_year) FROM stdin;
\.


--
-- Data for Name: djcelery_intervalschedule; Type: TABLE DATA; Schema: public; Owner: postgres
--

COPY public.djcelery_intervalschedule (id, every, period) FROM stdin;
\.


--
-- Data for Name: djcelery_periodictask; Type: TABLE DATA; Schema: public; Owner: postgres
--

COPY public.djcelery_periodictask (id, name, task, args, kwargs, queue, exchange, routing_key, expires, enabled, last_run_at, total_run_count, date_changed, description, crontab_id, interval_id) FROM stdin;
\.


--
-- Data for Name: djcelery_periodictasks; Type: TABLE DATA; Schema: public; Owner: postgres
--

COPY public.djcelery_periodictasks (ident, last_update) FROM stdin;
\.


--
-- Data for Name: djcelery_taskstate; Type: TABLE DATA; Schema: public; Owner: postgres
--

COPY public.djcelery_taskstate (id, state, task_id, name, tstamp, args, kwargs, eta, expires, result, traceback, runtime, retries, hidden, worker_id) FROM stdin;
\.


--
-- Data for Name: djcelery_workerstate; Type: TABLE DATA; Schema: public; Owner: postgres
--

COPY public.djcelery_workerstate (id, hostname, last_heartbeat) FROM stdin;
\.


--
-- Data for Name: mlm_group; Type: TABLE DATA; Schema: public; Owner: postgres
--

COPY public.mlm_group (id, created_on, last_updated_on, created_by, last_updated_by, user_id) FROM stdin;
2	2020-10-29 06:27:33.251089+00	\N	 	\N	32
3	2020-10-29 15:03:39.751541+00	\N	 	\N	33
4	2020-10-29 15:37:19.281484+00	\N	 	\N	35
5	2020-10-29 17:10:39.841103+00	\N	 	\N	34
6	2020-10-29 20:32:18.176438+00	\N	 	\N	39
7	2020-10-31 05:37:13.599538+00	\N	 	\N	36
8	2020-10-31 06:29:16.764938+00	\N	 	\N	37
9	2020-10-31 07:36:48.949993+00	\N	 	\N	38
10	2020-11-01 00:20:34.612069+00	\N	 	\N	41
11	2020-11-01 09:31:05.809076+00	\N	 	\N	40
12	2020-11-01 12:15:35.191603+00	\N	 	\N	43
13	2020-11-01 12:25:55.476356+00	\N	 	\N	42
14	2020-11-01 13:32:22.905325+00	\N	 	\N	44
15	2020-11-01 14:28:02.820613+00	\N	 	\N	45
16	2020-11-11 04:10:42.354301+00	\N	 	\N	48
17	2020-11-12 05:47:26.567568+00	\N	 	\N	46
18	2020-11-13 04:24:21.062143+00	\N	 	\N	100
19	2020-11-16 12:04:27.1876+00	\N	 	\N	53
\.


--
-- Data for Name: mlm_invite; Type: TABLE DATA; Schema: public; Owner: postgres
--

COPY public.mlm_invite (id, created_on, last_updated_on, created_by, last_updated_by, status, email, user_id) FROM stdin;
14	2020-11-04 06:46:35.005406+00	\N	Sharleen Dickenson	\N	invited	lilharry_jb@hotmail.com	110
16	2020-11-04 19:25:55.818434+00	\N	Alexis Alexis	\N	invited	abrahamtheranika@gmail.com	91
52	2020-11-10 02:55:47.582361+00	\N	Katie Katie	\N	accepted	savanw71@gmail.com	173
53	2020-11-10 03:09:42.221772+00	\N	Katie Katie	\N	invited	kellim71@gmail.com	173
19	2020-11-06 00:38:53.290028+00	\N	Sharleen Dickenson	\N	accepted	jnbaptisteantonia50@gmail.com	110
21	2020-11-06 00:58:15.530533+00	\N	Sharleen Dickenson	\N	invited	emergencyplumbery@gmail.com	110
20	2020-11-06 00:50:07.417385+00	\N	Sharleen Dickenson	\N	accepted	Angelicadickenson90@gmail.com	110
23	2020-11-06 01:11:47.896477+00	\N	Allan  Etienne	\N	accepted	dunknade@gmail.com	92
54	2020-11-10 03:33:51.133584+00	\N	Katie Katie	\N	accepted	kellimw71@gmail.com	173
26	2020-11-06 21:38:41.129031+00	\N	Antonia Jn Baptiste	\N	invited	gennislu758@gmail.com	155
27	2020-11-06 21:39:50.485267+00	\N	Antonia Jn Baptiste	\N	accepted	gennieslu758@gmail.com	155
28	2020-11-06 21:48:09.796338+00	\N	Angelica Dickenson	\N	accepted	julesdom767@gmail.com	156
39	2020-11-09 14:28:26.516159+00	\N	Isha Carty	\N	accepted	woods.j.r@hotmail.com	153
29	2020-11-06 22:21:43.798778+00	\N	Saincilien San	\N	accepted	tesheiny@gmail.com	90
49	2020-11-10 00:01:57.293921+00	\N	Clifford Gumbs	\N	accepted	Georges13far@hotmail.com	200
31	2020-11-07 01:12:20.572897+00	\N	Alix Faudoas	\N	invited	frankdel117@hotmail.com	116
32	2020-11-07 01:14:54.970552+00	\N	Alix Faudoas	\N	invited	nigelnakida@gmail.com	116
40	2020-11-09 14:28:57.242152+00	\N	Isha Carty	\N	accepted	latoya.p.wilson@hotmail.com	153
55	2020-11-10 16:23:28.220575+00	\N	Dunkan  Nadège 	\N	accepted	justingibbs@me.com	159
56	2020-11-10 17:03:04.646416+00	\N	Blushess Blushess	\N	invited	men_old2020@outlook.com	119
33	2020-11-07 13:09:51.469081+00	\N	Alexis Alexis	\N	accepted	vyw.atw@gmail.com	91
35	2020-11-07 14:01:55.792831+00	\N	Alexis Alexis	\N	accepted	theranikaa@gmail.com	91
22	2020-11-06 01:09:17.728815+00	\N	Allan  Etienne	\N	accepted	kata15.kw@gmail.com	92
37	2020-11-08 03:19:37.141665+00	\N	Dunkan  Nadège 	\N	accepted	miguellake71@gmail.com	159
36	2020-11-07 17:12:57.291753+00	\N	Saincilien San	\N	accepted	Illidgebalyarleen310@gmail.com	90
41	2020-11-09 19:16:11.548946+00	\N	Lisa Yu	\N	invited	lsyu7290@hotmail.com	108
57	2020-11-10 17:07:30.898408+00	\N	Tintin68 G	\N	accepted	justingibbs1968@gmail.com	211
58	2020-11-11 01:10:44.64452+00	\N	Bernice Richardson 2  	\N	accepted	benjaminfrantz08@gmail.com	210
70	2020-11-12 04:21:47.878278+00	\N	Béatrice  Piper 	\N	accepted	Romeopiper@gmail.com	167
43	2020-11-09 19:58:39.281853+00	\N	Samika Richardson	\N	invited	mastetcliffy@gmail.com	88
59	2020-11-11 01:49:03.370706+00	\N	Bernice Richardson 2  	\N	accepted	ebenjamin@live.fr	210
44	2020-11-09 19:58:56.642993+00	\N	Samika Richardson	\N	accepted	noregrets2013@yahoo.com	88
38	2020-11-09 14:24:17.512927+00	\N	Steve Galvani	\N	accepted	shaynegalvani@gmail.com	194
45	2020-11-09 21:21:34.106875+00	\N	Samika Richardson	\N	accepted	mastercliffy@gmail.com	88
47	2020-11-09 23:31:05.866743+00	\N	Sandra Brookson	\N	invited	sweetlovesxm@hotmail.com	198
48	2020-11-09 23:32:52.295283+00	\N	Clifford Gumbs	\N	accepted	sxmthrone.esthetic@gmail.com	200
50	2020-11-10 00:05:05.651553+00	\N	Shayne Galvani	\N	invited	waysup.bonney4@gmail.com	199
51	2020-11-10 00:16:19.138704+00	\N	Sandra Brookson	\N	invited	Waysup.bonney4@gmail.com	198
60	2020-11-11 02:02:34.695498+00	\N	Brigitte  Richardson 2  	\N	accepted	befv.crypto@gmail.com	209
61	2020-11-11 02:35:24.410712+00	\N	Brigitte  Richardson 2  	\N	accepted	nhazebass@gmail.com	209
63	2020-11-11 03:54:18.596711+00	\N	 Cedric  Cedric	\N	invited	etiennealida23@gmail.com	171
65	2020-11-11 16:36:44.230676+00	\N	Grunch Guy 	\N	invited	c_t_will@hotmail.com	85
64	2020-11-11 16:32:59.226021+00	\N	Grunch Guy 	\N	accepted	williamschar77@gmail.com	85
66	2020-11-11 16:49:05.361818+00	\N	Grunch Guy 	\N	invited	C_t_will@hotmail.com	85
67	2020-11-11 16:58:09.597937+00	\N	Grunch Guy 	\N	invited	dmd1977@gmail.com	85
68	2020-11-11 17:00:48.257015+00	\N	Grunch Guy 	\N	invited	dmd59@gmail.com	85
69	2020-11-11 17:01:55.709121+00	\N	Grunch Guy 	\N	accepted	dmdsxm59@gmail.com	85
62	2020-11-11 03:52:49.849176+00	\N	 Cedric  Cedric	\N	accepted	yebow1999@gmail.com	171
89	2020-11-17 21:19:42.927808+00	\N	Celine Hazel	\N	accepted	nakidaeliodoreshawna457@gmail.com	192
71	2020-11-13 01:06:59.848655+00	\N	 Cedric  Cedric	\N	accepted	victorgibbs68@gmail.com	171
77	2020-11-14 16:19:00.82049+00	\N	Mellymel Mellymel	\N	accepted	shandellmatthew@hotmail.com	136
72	2020-11-13 03:54:03.253117+00	\N	Daniel  Benjamin	\N	accepted	mingaumarie@gmail.com	172
73	2020-11-13 03:55:06.438845+00	\N	Daniel  Benjamin	\N	accepted	medericb51@gmail.com	172
75	2020-11-13 13:14:52.494011+00	\N	Racheal Edwards	\N	accepted	projectchild@hotmail.fr	230
76	2020-11-13 13:15:39.173151+00	\N	Racheal Edwards	\N	accepted	projectchild97150@gmail.com	230
91	2020-11-18 13:37:51.533803+00	\N	Sarah Whute	\N	invited	salmonvyella@gmail.com	180
82	2020-11-16 23:51:19.56549+00	\N	Arleen Baly	\N	invited	kedishagumbs@gmail.com	175
74	2020-11-13 11:07:14.870328+00	\N	Mellymel Mellymel	\N	accepted	mitchelelisha@gmail.com	136
78	2020-11-14 16:23:26.851581+00	\N	Rono Rono	\N	invited	Reysonleblanc@gmail.com	140
79	2020-11-14 16:24:43.954074+00	\N	Rono Rono	\N	invited	Renishaleblanc06@gmail.com	140
83	2020-11-17 01:49:22.652138+00	\N	Kellim w	\N	accepted	gattow71@gmail.com	206
81	2020-11-14 21:10:42.898762+00	\N	Chelsea Chelsea	\N	invited	chermeliene76@hotmail.com	143
80	2020-11-14 17:13:46.964058+00	\N	Chelsea Chelsea	\N	accepted	v.bernando@gmail.com	143
88	2020-11-17 14:15:39.077971+00	\N	Arleen Baly	\N	invited	shawnnini23@gmail.com	175
84	2020-11-17 02:20:23.054816+00	\N	Kellim w	\N	accepted	niccolw71@gmail.com	206
85	2020-11-17 02:23:31.115876+00	\N	Sava W	\N	accepted	tilianw71@gmail.com	204
86	2020-11-17 02:25:06.735221+00	\N	Sava W	\N	accepted	mattysw71@gmail.com	204
87	2020-11-17 13:46:19.347589+00	\N	Yana F	\N	invited	davidthomas41981@gmail.com	83
15	2020-11-04 14:47:12.432355+00	\N	Shawn Galvani	\N	accepted	steve.chabin@hotmail.com	89
90	2020-11-18 12:40:28.925325+00	\N	David Thomas	\N	invited	joeljederon36@gmail.com	247
92	2020-11-18 13:39:01.534839+00	\N	Sarah Whute	\N	invited	fordeadonis@gmail.com	180
25	2020-11-06 19:24:14.707292+00	\N	Shawn Galvani	\N	accepted	beatrice.hncgms@gmail.com	89
96	2020-11-26 19:36:20.272659+00	\N	Harrien Jn Baptiste	\N	invited	augustejeremie@gmail.com	158
46	2020-11-09 23:10:18.436853+00	\N	Sandra Brookson	\N	accepted	er_smiley@hotmail.com	198
94	2020-11-26 12:50:35.325118+00	\N	Harrien Jn Baptiste	\N	accepted	josephbelle66@hotmail.com	158
95	2020-11-26 13:18:59.54502+00	\N	Jules Jules	\N	accepted	ouber2021@gmail.com	164
93	2020-11-26 12:48:18.626725+00	\N	Harrien Jn Baptiste Jr 	\N	accepted	reidlando91@gmail.com	160
\.


--
-- Data for Name: mlm_notification; Type: TABLE DATA; Schema: public; Owner: postgres
--

COPY public.mlm_notification (id, last_updated_on, created_by, last_updated_by, is_to_admin, subject, message, status, created_on, from_user_id, to_user_id, tag) FROM stdin;
\.


--
-- Data for Name: mlm_user_hierarchy; Type: TABLE DATA; Schema: public; Owner: postgres
--

COPY public.mlm_user_hierarchy (id, created_on, last_updated_on, created_by, last_updated_by, parent_user_id, user_id, course) FROM stdin;
27	\N	\N	\N	\N	32	33	0
28	\N	\N	\N	\N	32	34	0
29	\N	\N	\N	\N	33	35	0
30	\N	\N	\N	\N	33	36	0
31	\N	\N	\N	\N	34	37	0
32	\N	\N	\N	\N	34	38	0
33	\N	\N	\N	\N	35	39	0
34	\N	\N	\N	\N	35	40	0
35	\N	\N	\N	\N	36	41	0
36	\N	\N	\N	\N	36	42	0
37	\N	\N	\N	\N	37	43	0
38	\N	\N	\N	\N	37	44	0
39	\N	\N	\N	\N	38	45	0
40	\N	\N	\N	\N	38	46	0
41	\N	\N	\N	\N	39	47	0
42	\N	\N	\N	\N	39	48	0
43	\N	\N	\N	\N	40	49	0
44	\N	\N	\N	\N	40	50	0
46	\N	\N	\N	\N	41	52	0
47	\N	\N	\N	\N	41	53	0
48	\N	\N	\N	\N	42	54	0
49	\N	\N	\N	\N	42	55	0
50	\N	\N	\N	\N	47	56	0
51	\N	\N	\N	\N	47	57	0
52	\N	\N	\N	\N	48	58	0
53	\N	\N	\N	\N	48	59	0
54	\N	\N	\N	\N	49	60	0
55	\N	\N	\N	\N	49	61	0
56	\N	\N	\N	\N	50	62	0
57	\N	\N	\N	\N	50	63	0
58	\N	\N	\N	\N	43	64	0
59	\N	\N	\N	\N	43	65	0
60	\N	\N	\N	\N	44	66	0
61	\N	\N	\N	\N	44	67	0
62	\N	\N	\N	\N	45	68	0
63	\N	\N	\N	\N	45	69	0
64	\N	\N	\N	\N	46	70	0
65	\N	\N	\N	\N	46	71	0
66	\N	\N	\N	\N	64	72	0
67	\N	\N	\N	\N	64	73	0
68	\N	\N	\N	\N	66	74	0
69	\N	\N	\N	\N	66	75	0
70	\N	\N	\N	\N	67	76	0
71	\N	\N	\N	\N	67	77	0
72	\N	\N	\N	\N	68	78	0
73	\N	\N	\N	\N	69	79	0
74	\N	\N	\N	\N	70	80	0
75	\N	\N	\N	\N	52	81	0
76	\N	\N	\N	\N	52	82	0
77	\N	\N	\N	\N	53	83	0
78	\N	\N	\N	\N	56	84	0
79	\N	\N	\N	\N	56	85	0
80	\N	\N	\N	\N	57	86	0
81	\N	\N	\N	\N	57	87	0
82	\N	\N	\N	\N	58	88	0
83	\N	\N	\N	\N	58	89	0
84	\N	\N	\N	\N	59	90	0
85	\N	\N	\N	\N	59	91	0
86	\N	\N	\N	\N	60	92	0
87	\N	\N	\N	\N	60	93	0
90	\N	\N	\N	\N	81	96	0
91	\N	\N	\N	\N	81	97	0
92	\N	\N	\N	\N	53	98	0
93	\N	\N	\N	\N	54	99	0
94	\N	\N	\N	\N	55	100	0
95	\N	\N	\N	\N	54	101	0
96	\N	\N	\N	\N	55	102	0
97	\N	\N	\N	\N	65	103	0
98	\N	\N	\N	\N	65	104	0
99	\N	\N	\N	\N	68	105	0
100	\N	\N	\N	\N	69	106	0
101	\N	\N	\N	\N	70	107	0
102	\N	\N	\N	\N	71	108	0
103	\N	\N	\N	\N	71	109	0
104	\N	\N	\N	\N	62	110	0
105	\N	\N	\N	\N	63	111	0
106	\N	\N	\N	\N	99	112	0
107	\N	\N	\N	\N	99	113	0
108	\N	\N	\N	\N	82	114	0
109	\N	\N	\N	\N	82	115	0
110	\N	\N	\N	\N	83	116	0
111	\N	\N	\N	\N	83	117	0
112	\N	\N	\N	\N	98	118	0
113	\N	\N	\N	\N	98	119	0
114	\N	\N	\N	\N	62	120	0
115	\N	\N	\N	\N	63	121	0
116	\N	\N	\N	\N	100	122	0
117	\N	\N	\N	\N	100	123	0
118	\N	\N	\N	\N	101	124	0
119	\N	\N	\N	\N	101	125	0
120	\N	\N	\N	\N	102	126	0
121	\N	\N	\N	\N	72	127	0
122	\N	\N	\N	\N	72	128	0
123	\N	\N	\N	\N	73	129	0
124	\N	\N	\N	\N	73	130	0
125	\N	\N	\N	\N	103	131	0
126	\N	\N	\N	\N	103	132	0
127	\N	\N	\N	\N	104	133	0
128	\N	\N	\N	\N	78	134	0
129	\N	\N	\N	\N	78	135	0
130	\N	\N	\N	\N	79	136	0
131	\N	\N	\N	\N	106	137	0
132	\N	\N	\N	\N	104	138	0
133	\N	\N	\N	\N	102	139	0
134	\N	\N	\N	\N	79	140	0
135	\N	\N	\N	\N	106	141	0
136	\N	\N	\N	\N	74	142	0
137	\N	\N	\N	\N	74	143	0
138	\N	\N	\N	\N	75	144	0
139	\N	\N	\N	\N	75	145	0
140	\N	\N	\N	\N	76	146	0
141	\N	\N	\N	\N	76	147	0
142	\N	\N	\N	\N	77	148	0
143	\N	\N	\N	\N	77	149	0
144	\N	\N	\N	\N	121	150	0
145	\N	\N	\N	\N	105	151	0
146	\N	\N	\N	\N	105	152	0
147	\N	\N	\N	\N	135	153	0
148	\N	\N	\N	\N	111	154	0
149	\N	\N	\N	\N	110	155	0
150	\N	\N	\N	\N	110	156	0
151	\N	\N	\N	\N	156	157	0
152	\N	\N	\N	\N	155	158	0
153	\N	\N	\N	\N	92	159	0
154	\N	\N	\N	\N	157	160	0
156	\N	\N	\N	\N	155	163	0
157	\N	\N	\N	\N	156	164	0
158	\N	\N	\N	\N	90	165	0
160	\N	\N	\N	\N	89	167	0
162	\N	\N	\N	\N	91	169	0
163	\N	\N	\N	\N	91	170	0
164	\N	\N	\N	\N	123	171	0
165	\N	\N	\N	\N	123	172	0
166	\N	\N	\N	\N	92	173	0
167	\N	\N	\N	\N	159	174	0
168	\N	\N	\N	\N	90	175	0
170	\N	\N	\N	\N	116	177	0
172	\N	\N	\N	\N	117	179	0
173	\N	\N	\N	\N	117	180	0
174	\N	\N	\N	\N	115	181	0
175	\N	\N	\N	\N	115	182	0
176	\N	\N	\N	\N	96	183	0
177	\N	\N	\N	\N	96	184	0
179	\N	\N	\N	\N	119	186	0
180	\N	\N	\N	\N	114	187	0
181	\N	\N	\N	\N	114	188	0
182	\N	\N	\N	\N	80	189	0
183	\N	\N	\N	\N	80	190	0
184	\N	\N	\N	\N	118	191	0
185	\N	\N	\N	\N	116	192	0
186	\N	\N	\N	\N	135	193	0
187	\N	\N	\N	\N	89	194	0
188	\N	\N	\N	\N	154	195	0
190	\N	\N	\N	\N	154	197	0
191	\N	\N	\N	\N	88	198	0
192	\N	\N	\N	\N	194	199	0
193	\N	\N	\N	\N	88	200	0
194	\N	\N	\N	\N	153	201	0
195	\N	\N	\N	\N	153	202	0
196	\N	\N	\N	\N	200	203	0
197	\N	\N	\N	\N	173	204	0
198	\N	\N	\N	\N	108	205	0
199	\N	\N	\N	\N	173	206	0
200	\N	\N	\N	\N	205	207	0
201	\N	\N	\N	\N	108	208	0
202	\N	\N	\N	\N	122	209	0
203	\N	\N	\N	\N	122	210	0
204	\N	\N	\N	\N	159	211	0
205	\N	\N	\N	\N	211	212	0
206	\N	\N	\N	\N	210	213	0
207	\N	\N	\N	\N	210	214	0
208	\N	\N	\N	\N	209	215	0
209	\N	\N	\N	\N	209	216	0
210	\N	\N	\N	\N	85	217	0
211	\N	\N	\N	\N	85	218	0
212	\N	\N	\N	\N	171	219	0
214	\N	\N	\N	\N	107	221	0
215	\N	\N	\N	\N	107	222	0
216	\N	\N	\N	\N	109	223	0
217	\N	\N	\N	\N	109	224	0
218	\N	\N	\N	\N	171	225	0
219	\N	\N	\N	\N	172	226	0
220	\N	\N	\N	\N	172	227	0
221	\N	\N	\N	\N	200	228	0
222	\N	\N	\N	\N	197	229	0
223	\N	\N	\N	\N	198	230	0
224	\N	\N	\N	\N	230	231	0
225	\N	\N	\N	\N	230	232	0
226	\N	\N	\N	\N	151	233	0
227	\N	\N	\N	\N	151	234	0
229	\N	\N	\N	\N	234	236	0
230	\N	\N	\N	\N	234	237	0
231	\N	\N	\N	\N	136	238	0
232	\N	\N	\N	\N	118	239	0
233	\N	\N	\N	\N	119	240	0
234	\N	\N	\N	\N	167	241	0
235	\N	\N	\N	\N	206	242	0
236	\N	\N	\N	\N	204	243	0
237	\N	\N	\N	\N	204	244	0
238	\N	\N	\N	\N	195	245	0
239	\N	\N	\N	\N	206	246	0
240	\N	\N	\N	\N	192	247	0
241	\N	\N	\N	\N	192	248	0
242	\N	\N	\N	\N	111	249	0
243	\N	\N	\N	\N	164	251	0
244	\N	\N	\N	\N	158	252	0
245	\N	\N	\N	\N	160	253	0
\.


--
-- Data for Name: mlm_user_profile; Type: TABLE DATA; Schema: public; Owner: postgres
--

COPY public.mlm_user_profile (id, created_on, last_updated_on, created_by, last_updated_by, mobile, picture, designation, prefix, payment_status, user_id, course, "group", hr_tree, is_manual_signup) FROM stdin;
47	\N	\N	\N	\N	\N		student	\N	paid	52	0	0	\N	f
97	\N	\N	\N	\N	\N		prefect	\N	paid	102	0	0	\N	f
54	\N	\N	\N	\N	\N		bursar	\N	paid	59	0	0	\N	f
130	\N	\N	\N	\N	\N		student	\N	paid	135	0	0	\N	f
39	\N	\N	\N	\N	\N		scholar	\N	paid	44	1	0	\N	f
63	\N	\N	\N	\N	\N		bursar	\N	paid	68	0	0	\N	f
50	\N	\N	\N	\N	+17215228411		scholar	Ms.	paid	55	0	0	\N	f
95	\N	\N	\N	\N	\N		scholar	\N	paid	100	1	0	\N	f
135	\N	\N	\N	\N	\N		student	\N	paid	140	0	0	\N	f
138	\N	\N	\N	\N	\N		student	\N	paid	143	0	0	\N	f
58	\N	\N	\N	\N	\N		student	\N	paid	63	0	0	\N	f
57	\N	\N	\N	\N	\N		student	\N	paid	62	0	0	\N	f
31	\N	\N	\N	\N	\N		scholar	\N	paid	36	1	0	\N	f
72	\N	\N	\N	\N	None		prefect	Ms.	paid	77	0	0	\N	f
108	\N	\N	\N	\N	\N		student	\N	paid	113	0	0	\N	f
107	\N	\N	\N	\N	\N		student	\N	paid	112	0	0	\N	f
79	\N	\N	\N	\N	\N		student	\N	paid	84	0	0	\N	f
118	\N	\N	\N	\N	\N		student	\N	paid	123	0	0	\N	f
128	\N	\N	\N	\N	None		student	Mrs.	paid	133	0	0	\N	f
98	\N	\N	\N	\N	\N		prefect	\N	paid	103	0	0	\N	f
127	\N	\N	\N	\N	\N		student	\N	paid	132	0	0	\N	f
52	\N	\N	\N	\N	None		prefect	Ms.	paid	57	0	0	\N	f
116	\N	\N	\N	\N	\N		prefect	\N	paid	121	0	0	\N	f
40	\N	\N	\N	\N	\N		scholar	\N	paid	45	1	0	\N	f
34	\N	\N	\N	\N	\N		scholar	\N	paid	39	1	0	\N	f
48	\N	\N	\N	\N	\N		student	\N	paid	53	1	0	\N	f
60	\N	\N	\N	\N	\N		student	\N	paid	65	0	0	\N	f
44	\N	\N	\N	\N	\N		student	\N	paid	49	0	0	\N	f
45	\N	\N	\N	\N	\N		bursar	\N	paid	50	0	0	\N	f
93	\N	\N	\N	\N	\N		bursar	\N	paid	98	0	0	\N	f
88	\N	\N	\N	\N	\N		student	\N	paid	93	0	0	\N	f
132	\N	\N	\N	\N	\N		student	\N	paid	137	0	0	\N	f
82	\N	\N	\N	\N	\N		student	\N	paid	87	0	0	\N	f
65	\N	\N	\N	\N	\N		student	\N	paid	70	0	0	\N	f
30	\N	\N	\N	\N	\N		scholar	\N	paid	35	1	0	\N	f
42	\N	\N	\N	\N	\N		bursar	\N	paid	47	0	0	\N	f
67	\N	\N	\N	\N	\N		student	\N	paid	72	0	0	\N	f
68	\N	\N	\N	\N	\N		student	\N	paid	73	0	0	\N	f
53	\N	\N	\N	\N	None		scholar	Mrs.	paid	58	0	0	\N	f
70	\N	\N	\N	\N	\N		student	\N	paid	75	0	0	\N	f
71	\N	\N	\N	\N	\N		student	\N	paid	76	0	0	\N	f
59	\N	\N	\N	\N	\N		bursar	\N	paid	64	0	0	\N	f
73	\N	\N	\N	\N	\N		student	\N	paid	78	0	0	\N	f
74	\N	\N	\N	\N	\N		student	\N	paid	79	0	0	\N	f
75	\N	\N	\N	\N	\N		student	\N	paid	80	0	0	\N	f
76	\N	\N	\N	\N	\N		student	\N	paid	81	0	0	\N	f
77	\N	\N	\N	\N	\N		student	\N	paid	82	0	0	\N	f
51	\N	\N	\N	\N	\N		prefect	\N	paid	56	0	0	\N	f
78	\N	\N	\N	\N	17215861321		bursar	Mrs.	paid	83	0	0	\N	f
120	\N	\N	\N	\N	\N		student	\N	paid	125	0	0	\N	f
81	\N	\N	\N	\N	\N		student	\N	paid	86	0	0	\N	f
106	\N	\N	\N	\N	\N		scholar	\N	paid	111	0	0	\N	f
32	\N	\N	\N	\N	None		scholar	Ms.	paid	37	1	0	\N	f
117	\N	\N	\N	\N	\N		bursar	\N	paid	122	0	0	\N	f
56	\N	\N	\N	\N	\N		student	\N	paid	61	0	0	\N	f
94	\N	\N	\N	\N	\N		prefect	\N	paid	99	0	0	\N	f
28	\N	\N	\N	\N	\N		scholar	\N	paid	33	1	0	\N	f
37	\N	\N	\N	\N	7215205275		scholar	Mrs.	paid	42	1	0	\N	f
86	\N	\N	\N	\N	None		prefect	Mr.	paid	91	0	0	\N	f
91	\N	\N	\N	\N	\N		student	\N	paid	96	0	0	\N	f
92	\N	\N	\N	\N	\N		student	\N	paid	97	0	0	\N	f
114	\N	\N	\N	\N	\N		prefect	\N	paid	119	0	0	\N	f
85	\N	\N	\N	\N	\N		prefect	\N	paid	90	0	0	\N	f
83	\N	\N	\N	\N	\N		prefect	\N	paid	88	0	0	\N	f
96	\N	\N	\N	\N	\N		student	\N	paid	101	0	0	\N	f
103	\N	\N	\N	\N	None		prefect	Ms.	paid	108	0	0	\N	f
27	\N	\N	\N	\N	\N		scholar	\N	paid	32	1	0	\N	f
129	\N	\N	\N	\N	None		student	Mr.	paid	134	0	0	\N	f
99	\N	\N	\N	\N	\N		student	\N	paid	104	0	0	\N	f
84	\N	\N	\N	\N	\N		prefect	\N	paid	89	0	0	\N	f
100	\N	\N	\N	\N	\N		student	\N	paid	105	0	0	\N	f
64	\N	\N	\N	\N	\N		scholar	\N	paid	69	0	0	\N	f
102	\N	\N	\N	\N	\N		student	\N	paid	107	0	0	\N	f
80	\N	\N	\N	\N	\N		prefect	\N	paid	85	0	0	\N	f
104	\N	\N	\N	\N	\N		student	\N	paid	109	0	0	\N	f
101	\N	\N	\N	\N	\N		prefect	\N	paid	106	0	0	\N	f
61	\N	\N	\N	\N	\N		bursar	\N	paid	66	0	0	\N	f
66	\N	\N	\N	\N	\N		prefect	\N	paid	71	0	0	\N	f
109	\N	\N	\N	\N	\N		student	\N	paid	114	0	0	\N	f
110	\N	\N	\N	\N	\N		student	\N	paid	115	0	0	\N	f
41	\N	\N	\N	\N	\N		student	\N	paid	46	1	0	\N	f
49	\N	\N	\N	\N	\N		bursar	\N	paid	54	0	0	\N	f
113	\N	\N	\N	\N	\N		student	\N	paid	118	0	0	\N	f
43	\N	\N	\N	\N	None		scholar	Mrs.	paid	48	1	0	\N	f
36	\N	\N	\N	\N	\N		student	\N	paid	41	1	0	\N	f
115	\N	\N	\N	\N	\N		student	\N	paid	120	0	0	\N	f
87	\N	\N	\N	\N	\N		bursar	\N	paid	92	0	0	\N	f
35	\N	\N	\N	\N	\N		student	\N	paid	40	1	0	\N	f
119	\N	\N	\N	\N	\N		student	\N	paid	124	0	0	\N	f
55	\N	\N	\N	\N	\N		scholar	\N	paid	60	0	0	\N	f
121	\N	\N	\N	\N	\N		student	\N	paid	126	0	0	\N	f
122	\N	\N	\N	\N	\N		student	\N	paid	127	0	0	\N	f
123	\N	\N	\N	\N	\N		student	\N	paid	128	0	0	\N	f
124	\N	\N	\N	\N	\N		student	\N	paid	129	0	0	\N	f
125	\N	\N	\N	\N	\N		student	\N	paid	130	0	0	\N	f
126	\N	\N	\N	\N	\N		student	\N	paid	131	0	0	\N	f
111	\N	\N	\N	\N	\N		prefect	\N	paid	116	0	0	\N	f
69	\N	\N	\N	\N	\N		prefect	\N	paid	74	0	0	\N	f
112	\N	\N	\N	\N	5538050		prefect	Mr.	paid	117	0	0	\N	f
131	\N	\N	\N	\N	\N		prefect	\N	paid	136	0	0	\N	f
62	\N	\N	\N	\N	\N		bursar	\N	paid	67	0	0	\N	f
133	\N	\N	\N	\N	\N		student	\N	paid	138	0	0	\N	f
38	\N	\N	\N	\N	\N		student	\N	paid	43	1	0	\N	f
134	\N	\N	\N	\N	\N		student	\N	paid	139	0	0	\N	f
136	\N	\N	\N	\N	\N		student	\N	paid	141	0	0	\N	f
137	\N	\N	\N	\N	\N		student	\N	paid	142	0	0	\N	f
140	\N	\N	\N	\N	\N		student	\N	paid	145	0	0	\N	f
139	\N	\N	\N	\N	\N		student	\N	paid	144	0	0	\N	f
141	\N	\N	\N	\N	\N		student	\N	paid	146	0	0	\N	f
142	\N	\N	\N	\N	\N		student	\N	paid	147	0	0	\N	f
143	\N	\N	\N	\N	\N		student	\N	paid	148	0	0	\N	f
144	\N	\N	\N	\N	\N		student	\N	paid	149	0	0	\N	f
145	\N	\N	\N	\N	\N		student	\N	paid	150	0	0	\N	f
150	\N	\N	\N	\N	\N		prefect	\N	paid	155	0	0	\N	f
183	\N	\N	\N	\N	\N		student	\N	paid	189	0	0	\N	f
147	\N	\N	\N	\N	\N		student	\N	paid	152	0	0	\N	f
192	\N	\N	\N	\N	\N		student	\N	paid	198	0	0	\N	f
151	\N	\N	\N	\N	\N		bursar	\N	paid	156	0	0	\N	f
29	\N	\N	\N	\N	1721 524 17 32		scholar	Ms.	paid	34	1	0	\N	f
33	\N	\N	\N	\N	None	user_profile/33_20190214_150758.jpg	scholar	Mr.	paid	38	1	0	\N	f
218	\N	\N	\N	\N	\N		student	\N	paid	224	0	0	\N	f
215	\N	\N	\N	\N	\N		student	\N	paid	221	0	0	\N	f
164	\N	\N	\N	\N	\N		student	\N	paid	170	0	0	\N	f
163	\N	\N	\N	\N	\N		student	\N	paid	169	0	0	\N	f
213	\N	\N	\N	\N	\N		student	\N	paid	219	0	0	\N	f
159	\N	\N	\N	\N	\N		student	\N	paid	165	0	0	\N	f
187	\N	\N	\N	\N	\N		student	\N	paid	193	0	0	\N	f
216	\N	\N	\N	\N	\N		student	\N	paid	222	0	0	\N	f
152	\N	\N	\N	\N	\N		prefect	\N	paid	157	0	0	\N	f
217	\N	\N	\N	\N	\N		student	\N	paid	223	0	0	\N	f
157	\N	\N	\N	\N	\N		student	\N	paid	163	0	0	\N	f
148	\N	\N	\N	\N	\N		prefect	\N	paid	153	0	0	\N	f
161	\N	\N	\N	\N	0690660901		prefect	Mrs.	paid	167	0	0	\N	f
155	\N	\N	\N	\N	\N		prefect	\N	paid	160	0	0	\N	f
173	\N	\N	\N	\N	\N		student	\N	paid	179	0	0	\N	f
180	\N	\N	\N	\N	\N		student	\N	paid	186	0	0	\N	f
247	\N	\N	\N	\N	\N		student	\N	notpaid	253	0	0	\N	f
201	\N	\N	\N	\N	\N		student	\N	notpaid	207	0	0	\N	f
199	\N	\N	\N	\N	\N		student	\N	paid	205	0	0	\N	f
232	\N	\N	\N	\N	\N		student	\N	notpaid	238	0	0	\N	f
219	\N	\N	\N	\N	None		student	Mr.	paid	225	0	0	\N	f
185	\N	\N	\N	\N	\N		student	\N	paid	191	0	0	\N	f
220	\N	\N	\N	\N	\N		student	\N	paid	226	0	0	\N	f
221	\N	\N	\N	\N	\N		student	\N	paid	227	0	0	\N	f
238	\N	\N	\N	\N	\N		student	\N	notpaid	244	0	0	\N	f
246	\N	\N	\N	\N	\N		student	\N	notpaid	252	0	0	\N	f
171	\N	\N	\N	\N	\N		student	\N	paid	177	0	0	\N	f
225	\N	\N	\N	\N	\N		student	\N	paid	231	0	0	\N	f
177	\N	\N	\N	\N	\N		student	\N	notpaid	183	0	0	\N	f
178	\N	\N	\N	\N	\N		student	\N	notpaid	184	0	0	\N	f
169	\N	\N	\N	\N	\N		student	\N	paid	175	0	0	\N	f
224	\N	\N	\N	\N	\N		prefect	\N	paid	230	0	0	\N	f
181	\N	\N	\N	\N	\N		student	\N	notpaid	187	0	0	\N	f
182	\N	\N	\N	\N	\N		student	\N	notpaid	188	0	0	\N	f
222	\N	\N	\N	\N	\N		student	\N	notpaid	228	0	0	\N	f
184	\N	\N	\N	\N	None		student	Ms.	paid	190	0	0	\N	f
239	\N	\N	\N	\N	\N		student	\N	notpaid	245	0	0	\N	f
227	\N	\N	\N	\N	\N		student	\N	notpaid	233	0	0	\N	f
204	\N	\N	\N	\N	\N		prefect	\N	paid	210	0	0	\N	f
153	\N	\N	\N	\N	None		prefect	Mr.	paid	158	0	0	\N	f
146	\N	\N	\N	\N	\N		student	\N	paid	151	0	0	\N	f
196	\N	\N	\N	\N	\N		student	\N	notpaid	202	0	0	\N	f
195	\N	\N	\N	\N	\N		student	\N	paid	201	0	0	\N	f
197	\N	\N	\N	\N	\N		student	\N	notpaid	203	0	0	\N	f
223	\N	\N	\N	\N	\N		student	\N	notpaid	229	0	0	\N	f
211	\N	\N	\N	\N	\N		student	\N	paid	217	0	0	\N	f
212	\N	\N	\N	\N	\N		student	\N	paid	218	0	0	\N	f
228	\N	\N	\N	\N	\N		student	\N	notpaid	234	0	0	\N	f
188	\N	\N	\N	\N	\N		prefect	\N	paid	194	0	0	\N	f
230	\N	\N	\N	\N	\N		student	\N	notpaid	236	0	0	\N	f
231	\N	\N	\N	\N	\N		student	\N	notpaid	237	0	0	\N	f
236	\N	\N	\N	\N	\N		student	\N	notpaid	242	0	0	\N	f
203	\N	\N	\N	\N	\N		prefect	\N	paid	209	0	0	\N	f
168	\N	\N	\N	\N	\N		student	\N	paid	174	0	0	\N	f
154	\N	\N	\N	\N	\N		prefect	\N	paid	159	0	0	\N	f
210	\N	\N	\N	\N	\N		student	\N	paid	216	0	0	\N	f
165	\N	\N	\N	\N	\N		prefect	\N	paid	171	0	0	\N	f
208	\N	\N	\N	\N	\N		student	\N	paid	214	0	0	\N	f
207	\N	\N	\N	\N	\N		student	\N	paid	213	0	0	\N	f
202	\N	\N	\N	\N	\N		student	\N	paid	208	0	0	\N	f
193	\N	\N	\N	\N	\N		student	\N	paid	199	0	0	\N	f
233	\N	\N	\N	\N	\N		student	\N	paid	239	0	0	\N	f
234	\N	\N	\N	\N	\N		student	\N	paid	240	0	0	\N	f
166	\N	\N	\N	\N	\N		student	\N	paid	172	0	0	\N	f
167	\N	\N	\N	\N	\N		bursar	\N	paid	173	0	0	\N	f
191	\N	\N	\N	\N	\N		prefect	\N	paid	197	0	0	\N	f
186	\N	\N	\N	\N	\N		student	\N	paid	192	0	0	\N	f
205	\N	\N	\N	\N	\N		prefect	\N	paid	211	0	0	\N	f
206	\N	\N	\N	\N	\N		student	\N	paid	212	0	0	\N	f
237	\N	\N	\N	\N	\N		student	\N	notpaid	243	0	0	\N	f
198	\N	\N	\N	\N	\N		prefect	\N	paid	204	0	0	\N	f
194	\N	\N	\N	\N	\N		prefect	\N	paid	200	0	0	\N	f
226	\N	\N	\N	\N	\N		student	\N	paid	232	0	0	\N	f
149	\N	\N	\N	\N	\N		bursar	\N	paid	154	0	0	\N	f
200	\N	\N	\N	\N	\N		prefect	\N	paid	206	0	0	\N	f
175	\N	\N	\N	\N	\N		student	\N	paid	181	0	0	\N	f
240	\N	\N	\N	\N	\N		student	\N	notpaid	246	0	0	\N	f
235	\N	\N	\N	\N	17215545186		student	Mr.	paid	241	0	0	\N	f
242	\N	\N	\N	\N	\N		student	\N	notpaid	248	0	0	\N	f
176	\N	\N	\N	\N	\N		student	\N	paid	182	0	0	\N	f
174	\N	\N	\N	\N	\N		student	\N	paid	180	0	0	\N	f
245	\N	\N	\N	\N	\N		student	\N	notpaid	251	0	0	\N	f
241	\N	\N	\N	\N	\N		student	\N	notpaid	247	0	0	\N	f
209	\N	\N	\N	\N	\N		student	\N	paid	215	0	0	\N	f
243	\N	\N	\N	\N	+31613910046		student	Ms.	paid	249	0	0	\N	f
189	\N	\N	\N	\N	\N		prefect	\N	paid	195	0	0	\N	f
105	\N	\N	\N	\N	+17215203631	user_profile/105_Tr._Sharleen_1.JPG	scholar	Mr.	paid	110	0	0	\N	f
158	\N	\N	\N	\N	\N		prefect	\N	paid	164	0	0	\N	f
\.


--
-- Data for Name: spatial_ref_sys; Type: TABLE DATA; Schema: public; Owner: postgres
--

COPY public.spatial_ref_sys (srid, auth_name, auth_srid, srtext, proj4text) FROM stdin;
\.


--
-- Name: auth_group_id_seq; Type: SEQUENCE SET; Schema: public; Owner: postgres
--

SELECT pg_catalog.setval('public.auth_group_id_seq', 1, false);


--
-- Name: auth_group_permissions_id_seq; Type: SEQUENCE SET; Schema: public; Owner: postgres
--

SELECT pg_catalog.setval('public.auth_group_permissions_id_seq', 1, false);


--
-- Name: auth_permission_id_seq; Type: SEQUENCE SET; Schema: public; Owner: postgres
--

SELECT pg_catalog.setval('public.auth_permission_id_seq', 72, true);


--
-- Name: auth_user_groups_id_seq; Type: SEQUENCE SET; Schema: public; Owner: postgres
--

SELECT pg_catalog.setval('public.auth_user_groups_id_seq', 1, false);


--
-- Name: auth_user_id_seq; Type: SEQUENCE SET; Schema: public; Owner: postgres
--

SELECT pg_catalog.setval('public.auth_user_id_seq', 253, true);


--
-- Name: auth_user_user_permissions_id_seq; Type: SEQUENCE SET; Schema: public; Owner: postgres
--

SELECT pg_catalog.setval('public.auth_user_user_permissions_id_seq', 1, false);


--
-- Name: celery_taskmeta_id_seq; Type: SEQUENCE SET; Schema: public; Owner: postgres
--

SELECT pg_catalog.setval('public.celery_taskmeta_id_seq', 1, false);


--
-- Name: celery_tasksetmeta_id_seq; Type: SEQUENCE SET; Schema: public; Owner: postgres
--

SELECT pg_catalog.setval('public.celery_tasksetmeta_id_seq', 1, false);


--
-- Name: django_admin_log_id_seq; Type: SEQUENCE SET; Schema: public; Owner: postgres
--

SELECT pg_catalog.setval('public.django_admin_log_id_seq', 66, true);


--
-- Name: django_content_type_id_seq; Type: SEQUENCE SET; Schema: public; Owner: postgres
--

SELECT pg_catalog.setval('public.django_content_type_id_seq', 18, true);


--
-- Name: django_migrations_id_seq; Type: SEQUENCE SET; Schema: public; Owner: postgres
--

SELECT pg_catalog.setval('public.django_migrations_id_seq', 28, true);


--
-- Name: djcelery_crontabschedule_id_seq; Type: SEQUENCE SET; Schema: public; Owner: postgres
--

SELECT pg_catalog.setval('public.djcelery_crontabschedule_id_seq', 1, false);


--
-- Name: djcelery_intervalschedule_id_seq; Type: SEQUENCE SET; Schema: public; Owner: postgres
--

SELECT pg_catalog.setval('public.djcelery_intervalschedule_id_seq', 1, false);


--
-- Name: djcelery_periodictask_id_seq; Type: SEQUENCE SET; Schema: public; Owner: postgres
--

SELECT pg_catalog.setval('public.djcelery_periodictask_id_seq', 1, false);


--
-- Name: djcelery_taskstate_id_seq; Type: SEQUENCE SET; Schema: public; Owner: postgres
--

SELECT pg_catalog.setval('public.djcelery_taskstate_id_seq', 1, false);


--
-- Name: djcelery_workerstate_id_seq; Type: SEQUENCE SET; Schema: public; Owner: postgres
--

SELECT pg_catalog.setval('public.djcelery_workerstate_id_seq', 1, false);


--
-- Name: mlm_group_id_seq; Type: SEQUENCE SET; Schema: public; Owner: postgres
--

SELECT pg_catalog.setval('public.mlm_group_id_seq', 19, true);


--
-- Name: mlm_invite_id_seq; Type: SEQUENCE SET; Schema: public; Owner: postgres
--

SELECT pg_catalog.setval('public.mlm_invite_id_seq', 96, true);


--
-- Name: mlm_payment_id_seq; Type: SEQUENCE SET; Schema: public; Owner: postgres
--

SELECT pg_catalog.setval('public.mlm_payment_id_seq', 1, false);


--
-- Name: mlm_user_hierarchy_id_seq; Type: SEQUENCE SET; Schema: public; Owner: postgres
--

SELECT pg_catalog.setval('public.mlm_user_hierarchy_id_seq', 245, true);


--
-- Name: mlm_user_profile_id_seq; Type: SEQUENCE SET; Schema: public; Owner: postgres
--

SELECT pg_catalog.setval('public.mlm_user_profile_id_seq', 247, true);


--
-- Name: auth_group auth_group_name_key; Type: CONSTRAINT; Schema: public; Owner: postgres
--

ALTER TABLE ONLY public.auth_group
    ADD CONSTRAINT auth_group_name_key UNIQUE (name);


--
-- Name: auth_group_permissions auth_group_permissions_group_id_permission_id_0cd325b0_uniq; Type: CONSTRAINT; Schema: public; Owner: postgres
--

ALTER TABLE ONLY public.auth_group_permissions
    ADD CONSTRAINT auth_group_permissions_group_id_permission_id_0cd325b0_uniq UNIQUE (group_id, permission_id);


--
-- Name: auth_group_permissions auth_group_permissions_pkey; Type: CONSTRAINT; Schema: public; Owner: postgres
--

ALTER TABLE ONLY public.auth_group_permissions
    ADD CONSTRAINT auth_group_permissions_pkey PRIMARY KEY (id);


--
-- Name: auth_group auth_group_pkey; Type: CONSTRAINT; Schema: public; Owner: postgres
--

ALTER TABLE ONLY public.auth_group
    ADD CONSTRAINT auth_group_pkey PRIMARY KEY (id);


--
-- Name: auth_permission auth_permission_content_type_id_codename_01ab375a_uniq; Type: CONSTRAINT; Schema: public; Owner: postgres
--

ALTER TABLE ONLY public.auth_permission
    ADD CONSTRAINT auth_permission_content_type_id_codename_01ab375a_uniq UNIQUE (content_type_id, codename);


--
-- Name: auth_permission auth_permission_pkey; Type: CONSTRAINT; Schema: public; Owner: postgres
--

ALTER TABLE ONLY public.auth_permission
    ADD CONSTRAINT auth_permission_pkey PRIMARY KEY (id);


--
-- Name: auth_user_groups auth_user_groups_pkey; Type: CONSTRAINT; Schema: public; Owner: postgres
--

ALTER TABLE ONLY public.auth_user_groups
    ADD CONSTRAINT auth_user_groups_pkey PRIMARY KEY (id);


--
-- Name: auth_user_groups auth_user_groups_user_id_group_id_94350c0c_uniq; Type: CONSTRAINT; Schema: public; Owner: postgres
--

ALTER TABLE ONLY public.auth_user_groups
    ADD CONSTRAINT auth_user_groups_user_id_group_id_94350c0c_uniq UNIQUE (user_id, group_id);


--
-- Name: auth_user auth_user_pkey; Type: CONSTRAINT; Schema: public; Owner: postgres
--

ALTER TABLE ONLY public.auth_user
    ADD CONSTRAINT auth_user_pkey PRIMARY KEY (id);


--
-- Name: auth_user_user_permissions auth_user_user_permissions_pkey; Type: CONSTRAINT; Schema: public; Owner: postgres
--

ALTER TABLE ONLY public.auth_user_user_permissions
    ADD CONSTRAINT auth_user_user_permissions_pkey PRIMARY KEY (id);


--
-- Name: auth_user_user_permissions auth_user_user_permissions_user_id_permission_id_14a6b632_uniq; Type: CONSTRAINT; Schema: public; Owner: postgres
--

ALTER TABLE ONLY public.auth_user_user_permissions
    ADD CONSTRAINT auth_user_user_permissions_user_id_permission_id_14a6b632_uniq UNIQUE (user_id, permission_id);


--
-- Name: auth_user auth_user_username_key; Type: CONSTRAINT; Schema: public; Owner: postgres
--

ALTER TABLE ONLY public.auth_user
    ADD CONSTRAINT auth_user_username_key UNIQUE (username);


--
-- Name: celery_taskmeta celery_taskmeta_pkey; Type: CONSTRAINT; Schema: public; Owner: postgres
--

ALTER TABLE ONLY public.celery_taskmeta
    ADD CONSTRAINT celery_taskmeta_pkey PRIMARY KEY (id);


--
-- Name: celery_taskmeta celery_taskmeta_task_id_key; Type: CONSTRAINT; Schema: public; Owner: postgres
--

ALTER TABLE ONLY public.celery_taskmeta
    ADD CONSTRAINT celery_taskmeta_task_id_key UNIQUE (task_id);


--
-- Name: celery_tasksetmeta celery_tasksetmeta_pkey; Type: CONSTRAINT; Schema: public; Owner: postgres
--

ALTER TABLE ONLY public.celery_tasksetmeta
    ADD CONSTRAINT celery_tasksetmeta_pkey PRIMARY KEY (id);


--
-- Name: celery_tasksetmeta celery_tasksetmeta_taskset_id_key; Type: CONSTRAINT; Schema: public; Owner: postgres
--

ALTER TABLE ONLY public.celery_tasksetmeta
    ADD CONSTRAINT celery_tasksetmeta_taskset_id_key UNIQUE (taskset_id);


--
-- Name: django_admin_log django_admin_log_pkey; Type: CONSTRAINT; Schema: public; Owner: postgres
--

ALTER TABLE ONLY public.django_admin_log
    ADD CONSTRAINT django_admin_log_pkey PRIMARY KEY (id);


--
-- Name: django_content_type django_content_type_app_label_model_76bd3d3b_uniq; Type: CONSTRAINT; Schema: public; Owner: postgres
--

ALTER TABLE ONLY public.django_content_type
    ADD CONSTRAINT django_content_type_app_label_model_76bd3d3b_uniq UNIQUE (app_label, model);


--
-- Name: django_content_type django_content_type_pkey; Type: CONSTRAINT; Schema: public; Owner: postgres
--

ALTER TABLE ONLY public.django_content_type
    ADD CONSTRAINT django_content_type_pkey PRIMARY KEY (id);


--
-- Name: django_migrations django_migrations_pkey; Type: CONSTRAINT; Schema: public; Owner: postgres
--

ALTER TABLE ONLY public.django_migrations
    ADD CONSTRAINT django_migrations_pkey PRIMARY KEY (id);


--
-- Name: django_session django_session_pkey; Type: CONSTRAINT; Schema: public; Owner: postgres
--

ALTER TABLE ONLY public.django_session
    ADD CONSTRAINT django_session_pkey PRIMARY KEY (session_key);


--
-- Name: djcelery_crontabschedule djcelery_crontabschedule_pkey; Type: CONSTRAINT; Schema: public; Owner: postgres
--

ALTER TABLE ONLY public.djcelery_crontabschedule
    ADD CONSTRAINT djcelery_crontabschedule_pkey PRIMARY KEY (id);


--
-- Name: djcelery_intervalschedule djcelery_intervalschedule_pkey; Type: CONSTRAINT; Schema: public; Owner: postgres
--

ALTER TABLE ONLY public.djcelery_intervalschedule
    ADD CONSTRAINT djcelery_intervalschedule_pkey PRIMARY KEY (id);


--
-- Name: djcelery_periodictask djcelery_periodictask_name_key; Type: CONSTRAINT; Schema: public; Owner: postgres
--

ALTER TABLE ONLY public.djcelery_periodictask
    ADD CONSTRAINT djcelery_periodictask_name_key UNIQUE (name);


--
-- Name: djcelery_periodictask djcelery_periodictask_pkey; Type: CONSTRAINT; Schema: public; Owner: postgres
--

ALTER TABLE ONLY public.djcelery_periodictask
    ADD CONSTRAINT djcelery_periodictask_pkey PRIMARY KEY (id);


--
-- Name: djcelery_periodictasks djcelery_periodictasks_pkey; Type: CONSTRAINT; Schema: public; Owner: postgres
--

ALTER TABLE ONLY public.djcelery_periodictasks
    ADD CONSTRAINT djcelery_periodictasks_pkey PRIMARY KEY (ident);


--
-- Name: djcelery_taskstate djcelery_taskstate_pkey; Type: CONSTRAINT; Schema: public; Owner: postgres
--

ALTER TABLE ONLY public.djcelery_taskstate
    ADD CONSTRAINT djcelery_taskstate_pkey PRIMARY KEY (id);


--
-- Name: djcelery_taskstate djcelery_taskstate_task_id_key; Type: CONSTRAINT; Schema: public; Owner: postgres
--

ALTER TABLE ONLY public.djcelery_taskstate
    ADD CONSTRAINT djcelery_taskstate_task_id_key UNIQUE (task_id);


--
-- Name: djcelery_workerstate djcelery_workerstate_hostname_key; Type: CONSTRAINT; Schema: public; Owner: postgres
--

ALTER TABLE ONLY public.djcelery_workerstate
    ADD CONSTRAINT djcelery_workerstate_hostname_key UNIQUE (hostname);


--
-- Name: djcelery_workerstate djcelery_workerstate_pkey; Type: CONSTRAINT; Schema: public; Owner: postgres
--

ALTER TABLE ONLY public.djcelery_workerstate
    ADD CONSTRAINT djcelery_workerstate_pkey PRIMARY KEY (id);


--
-- Name: mlm_group mlm_group_pkey; Type: CONSTRAINT; Schema: public; Owner: postgres
--

ALTER TABLE ONLY public.mlm_group
    ADD CONSTRAINT mlm_group_pkey PRIMARY KEY (id);


--
-- Name: mlm_invite mlm_invite_pkey; Type: CONSTRAINT; Schema: public; Owner: postgres
--

ALTER TABLE ONLY public.mlm_invite
    ADD CONSTRAINT mlm_invite_pkey PRIMARY KEY (id);


--
-- Name: mlm_notification mlm_payment_pkey; Type: CONSTRAINT; Schema: public; Owner: postgres
--

ALTER TABLE ONLY public.mlm_notification
    ADD CONSTRAINT mlm_payment_pkey PRIMARY KEY (id);


--
-- Name: mlm_user_hierarchy mlm_user_hierarchy_pkey; Type: CONSTRAINT; Schema: public; Owner: postgres
--

ALTER TABLE ONLY public.mlm_user_hierarchy
    ADD CONSTRAINT mlm_user_hierarchy_pkey PRIMARY KEY (id);


--
-- Name: mlm_user_profile mlm_user_profile_pkey; Type: CONSTRAINT; Schema: public; Owner: postgres
--

ALTER TABLE ONLY public.mlm_user_profile
    ADD CONSTRAINT mlm_user_profile_pkey PRIMARY KEY (id);


--
-- Name: mlm_user_profile mlm_user_profile_user_id_7b1a5136_uniq; Type: CONSTRAINT; Schema: public; Owner: postgres
--

ALTER TABLE ONLY public.mlm_user_profile
    ADD CONSTRAINT mlm_user_profile_user_id_7b1a5136_uniq UNIQUE (user_id);


--
-- Name: auth_group_name_a6ea08ec_like; Type: INDEX; Schema: public; Owner: postgres
--

CREATE INDEX auth_group_name_a6ea08ec_like ON public.auth_group USING btree (name varchar_pattern_ops);


--
-- Name: auth_group_permissions_group_id_b120cbf9; Type: INDEX; Schema: public; Owner: postgres
--

CREATE INDEX auth_group_permissions_group_id_b120cbf9 ON public.auth_group_permissions USING btree (group_id);


--
-- Name: auth_group_permissions_permission_id_84c5c92e; Type: INDEX; Schema: public; Owner: postgres
--

CREATE INDEX auth_group_permissions_permission_id_84c5c92e ON public.auth_group_permissions USING btree (permission_id);


--
-- Name: auth_permission_content_type_id_2f476e4b; Type: INDEX; Schema: public; Owner: postgres
--

CREATE INDEX auth_permission_content_type_id_2f476e4b ON public.auth_permission USING btree (content_type_id);


--
-- Name: auth_user_groups_group_id_97559544; Type: INDEX; Schema: public; Owner: postgres
--

CREATE INDEX auth_user_groups_group_id_97559544 ON public.auth_user_groups USING btree (group_id);


--
-- Name: auth_user_groups_user_id_6a12ed8b; Type: INDEX; Schema: public; Owner: postgres
--

CREATE INDEX auth_user_groups_user_id_6a12ed8b ON public.auth_user_groups USING btree (user_id);


--
-- Name: auth_user_user_permissions_permission_id_1fbb5f2c; Type: INDEX; Schema: public; Owner: postgres
--

CREATE INDEX auth_user_user_permissions_permission_id_1fbb5f2c ON public.auth_user_user_permissions USING btree (permission_id);


--
-- Name: auth_user_user_permissions_user_id_a95ead1b; Type: INDEX; Schema: public; Owner: postgres
--

CREATE INDEX auth_user_user_permissions_user_id_a95ead1b ON public.auth_user_user_permissions USING btree (user_id);


--
-- Name: auth_user_username_6821ab7c_like; Type: INDEX; Schema: public; Owner: postgres
--

CREATE INDEX auth_user_username_6821ab7c_like ON public.auth_user USING btree (username varchar_pattern_ops);


--
-- Name: celery_taskmeta_hidden_23fd02dc; Type: INDEX; Schema: public; Owner: postgres
--

CREATE INDEX celery_taskmeta_hidden_23fd02dc ON public.celery_taskmeta USING btree (hidden);


--
-- Name: celery_taskmeta_task_id_9558b198_like; Type: INDEX; Schema: public; Owner: postgres
--

CREATE INDEX celery_taskmeta_task_id_9558b198_like ON public.celery_taskmeta USING btree (task_id varchar_pattern_ops);


--
-- Name: celery_tasksetmeta_hidden_593cfc24; Type: INDEX; Schema: public; Owner: postgres
--

CREATE INDEX celery_tasksetmeta_hidden_593cfc24 ON public.celery_tasksetmeta USING btree (hidden);


--
-- Name: celery_tasksetmeta_taskset_id_a5a1d4ae_like; Type: INDEX; Schema: public; Owner: postgres
--

CREATE INDEX celery_tasksetmeta_taskset_id_a5a1d4ae_like ON public.celery_tasksetmeta USING btree (taskset_id varchar_pattern_ops);


--
-- Name: django_admin_log_content_type_id_c4bce8eb; Type: INDEX; Schema: public; Owner: postgres
--

CREATE INDEX django_admin_log_content_type_id_c4bce8eb ON public.django_admin_log USING btree (content_type_id);


--
-- Name: django_admin_log_user_id_c564eba6; Type: INDEX; Schema: public; Owner: postgres
--

CREATE INDEX django_admin_log_user_id_c564eba6 ON public.django_admin_log USING btree (user_id);


--
-- Name: django_session_expire_date_a5c62663; Type: INDEX; Schema: public; Owner: postgres
--

CREATE INDEX django_session_expire_date_a5c62663 ON public.django_session USING btree (expire_date);


--
-- Name: django_session_session_key_c0390e0f_like; Type: INDEX; Schema: public; Owner: postgres
--

CREATE INDEX django_session_session_key_c0390e0f_like ON public.django_session USING btree (session_key varchar_pattern_ops);


--
-- Name: djcelery_periodictask_crontab_id_75609bab; Type: INDEX; Schema: public; Owner: postgres
--

CREATE INDEX djcelery_periodictask_crontab_id_75609bab ON public.djcelery_periodictask USING btree (crontab_id);


--
-- Name: djcelery_periodictask_interval_id_b426ab02; Type: INDEX; Schema: public; Owner: postgres
--

CREATE INDEX djcelery_periodictask_interval_id_b426ab02 ON public.djcelery_periodictask USING btree (interval_id);


--
-- Name: djcelery_periodictask_name_cb62cda9_like; Type: INDEX; Schema: public; Owner: postgres
--

CREATE INDEX djcelery_periodictask_name_cb62cda9_like ON public.djcelery_periodictask USING btree (name varchar_pattern_ops);


--
-- Name: djcelery_taskstate_hidden_c3905e57; Type: INDEX; Schema: public; Owner: postgres
--

CREATE INDEX djcelery_taskstate_hidden_c3905e57 ON public.djcelery_taskstate USING btree (hidden);


--
-- Name: djcelery_taskstate_name_8af9eded; Type: INDEX; Schema: public; Owner: postgres
--

CREATE INDEX djcelery_taskstate_name_8af9eded ON public.djcelery_taskstate USING btree (name);


--
-- Name: djcelery_taskstate_name_8af9eded_like; Type: INDEX; Schema: public; Owner: postgres
--

CREATE INDEX djcelery_taskstate_name_8af9eded_like ON public.djcelery_taskstate USING btree (name varchar_pattern_ops);


--
-- Name: djcelery_taskstate_state_53543be4; Type: INDEX; Schema: public; Owner: postgres
--

CREATE INDEX djcelery_taskstate_state_53543be4 ON public.djcelery_taskstate USING btree (state);


--
-- Name: djcelery_taskstate_state_53543be4_like; Type: INDEX; Schema: public; Owner: postgres
--

CREATE INDEX djcelery_taskstate_state_53543be4_like ON public.djcelery_taskstate USING btree (state varchar_pattern_ops);


--
-- Name: djcelery_taskstate_task_id_9d2efdb5_like; Type: INDEX; Schema: public; Owner: postgres
--

CREATE INDEX djcelery_taskstate_task_id_9d2efdb5_like ON public.djcelery_taskstate USING btree (task_id varchar_pattern_ops);


--
-- Name: djcelery_taskstate_tstamp_4c3f93a1; Type: INDEX; Schema: public; Owner: postgres
--

CREATE INDEX djcelery_taskstate_tstamp_4c3f93a1 ON public.djcelery_taskstate USING btree (tstamp);


--
-- Name: djcelery_taskstate_worker_id_f7f57a05; Type: INDEX; Schema: public; Owner: postgres
--

CREATE INDEX djcelery_taskstate_worker_id_f7f57a05 ON public.djcelery_taskstate USING btree (worker_id);


--
-- Name: djcelery_workerstate_hostname_b31c7fab_like; Type: INDEX; Schema: public; Owner: postgres
--

CREATE INDEX djcelery_workerstate_hostname_b31c7fab_like ON public.djcelery_workerstate USING btree (hostname varchar_pattern_ops);


--
-- Name: djcelery_workerstate_last_heartbeat_4539b544; Type: INDEX; Schema: public; Owner: postgres
--

CREATE INDEX djcelery_workerstate_last_heartbeat_4539b544 ON public.djcelery_workerstate USING btree (last_heartbeat);


--
-- Name: mlm_group_user_id_51f5c762; Type: INDEX; Schema: public; Owner: postgres
--

CREATE INDEX mlm_group_user_id_51f5c762 ON public.mlm_group USING btree (user_id);


--
-- Name: mlm_invite_user_id_f6ade5fc; Type: INDEX; Schema: public; Owner: postgres
--

CREATE INDEX mlm_invite_user_id_f6ade5fc ON public.mlm_invite USING btree (user_id);


--
-- Name: mlm_payment_from_user_id_bc269377; Type: INDEX; Schema: public; Owner: postgres
--

CREATE INDEX mlm_payment_from_user_id_bc269377 ON public.mlm_notification USING btree (from_user_id);


--
-- Name: mlm_payment_to_user_id_2548b171; Type: INDEX; Schema: public; Owner: postgres
--

CREATE INDEX mlm_payment_to_user_id_2548b171 ON public.mlm_notification USING btree (to_user_id);


--
-- Name: mlm_user_hierarchy_parent_user_id_e3223107; Type: INDEX; Schema: public; Owner: postgres
--

CREATE INDEX mlm_user_hierarchy_parent_user_id_e3223107 ON public.mlm_user_hierarchy USING btree (parent_user_id);


--
-- Name: mlm_user_hierarchy_user_id_960bbaa8; Type: INDEX; Schema: public; Owner: postgres
--

CREATE INDEX mlm_user_hierarchy_user_id_960bbaa8 ON public.mlm_user_hierarchy USING btree (user_id);


--
-- Name: auth_group_permissions auth_group_permissio_permission_id_84c5c92e_fk_auth_perm; Type: FK CONSTRAINT; Schema: public; Owner: postgres
--

ALTER TABLE ONLY public.auth_group_permissions
    ADD CONSTRAINT auth_group_permissio_permission_id_84c5c92e_fk_auth_perm FOREIGN KEY (permission_id) REFERENCES public.auth_permission(id) DEFERRABLE INITIALLY DEFERRED;


--
-- Name: auth_group_permissions auth_group_permissions_group_id_b120cbf9_fk_auth_group_id; Type: FK CONSTRAINT; Schema: public; Owner: postgres
--

ALTER TABLE ONLY public.auth_group_permissions
    ADD CONSTRAINT auth_group_permissions_group_id_b120cbf9_fk_auth_group_id FOREIGN KEY (group_id) REFERENCES public.auth_group(id) DEFERRABLE INITIALLY DEFERRED;


--
-- Name: auth_permission auth_permission_content_type_id_2f476e4b_fk_django_co; Type: FK CONSTRAINT; Schema: public; Owner: postgres
--

ALTER TABLE ONLY public.auth_permission
    ADD CONSTRAINT auth_permission_content_type_id_2f476e4b_fk_django_co FOREIGN KEY (content_type_id) REFERENCES public.django_content_type(id) DEFERRABLE INITIALLY DEFERRED;


--
-- Name: auth_user_groups auth_user_groups_group_id_97559544_fk_auth_group_id; Type: FK CONSTRAINT; Schema: public; Owner: postgres
--

ALTER TABLE ONLY public.auth_user_groups
    ADD CONSTRAINT auth_user_groups_group_id_97559544_fk_auth_group_id FOREIGN KEY (group_id) REFERENCES public.auth_group(id) DEFERRABLE INITIALLY DEFERRED;


--
-- Name: auth_user_groups auth_user_groups_user_id_6a12ed8b_fk_auth_user_id; Type: FK CONSTRAINT; Schema: public; Owner: postgres
--

ALTER TABLE ONLY public.auth_user_groups
    ADD CONSTRAINT auth_user_groups_user_id_6a12ed8b_fk_auth_user_id FOREIGN KEY (user_id) REFERENCES public.auth_user(id) DEFERRABLE INITIALLY DEFERRED;


--
-- Name: auth_user_user_permissions auth_user_user_permi_permission_id_1fbb5f2c_fk_auth_perm; Type: FK CONSTRAINT; Schema: public; Owner: postgres
--

ALTER TABLE ONLY public.auth_user_user_permissions
    ADD CONSTRAINT auth_user_user_permi_permission_id_1fbb5f2c_fk_auth_perm FOREIGN KEY (permission_id) REFERENCES public.auth_permission(id) DEFERRABLE INITIALLY DEFERRED;


--
-- Name: auth_user_user_permissions auth_user_user_permissions_user_id_a95ead1b_fk_auth_user_id; Type: FK CONSTRAINT; Schema: public; Owner: postgres
--

ALTER TABLE ONLY public.auth_user_user_permissions
    ADD CONSTRAINT auth_user_user_permissions_user_id_a95ead1b_fk_auth_user_id FOREIGN KEY (user_id) REFERENCES public.auth_user(id) DEFERRABLE INITIALLY DEFERRED;


--
-- Name: django_admin_log django_admin_log_content_type_id_c4bce8eb_fk_django_co; Type: FK CONSTRAINT; Schema: public; Owner: postgres
--

ALTER TABLE ONLY public.django_admin_log
    ADD CONSTRAINT django_admin_log_content_type_id_c4bce8eb_fk_django_co FOREIGN KEY (content_type_id) REFERENCES public.django_content_type(id) DEFERRABLE INITIALLY DEFERRED;


--
-- Name: django_admin_log django_admin_log_user_id_c564eba6_fk_auth_user_id; Type: FK CONSTRAINT; Schema: public; Owner: postgres
--

ALTER TABLE ONLY public.django_admin_log
    ADD CONSTRAINT django_admin_log_user_id_c564eba6_fk_auth_user_id FOREIGN KEY (user_id) REFERENCES public.auth_user(id) DEFERRABLE INITIALLY DEFERRED;


--
-- Name: djcelery_periodictask djcelery_periodictas_crontab_id_75609bab_fk_djcelery_; Type: FK CONSTRAINT; Schema: public; Owner: postgres
--

ALTER TABLE ONLY public.djcelery_periodictask
    ADD CONSTRAINT djcelery_periodictas_crontab_id_75609bab_fk_djcelery_ FOREIGN KEY (crontab_id) REFERENCES public.djcelery_crontabschedule(id) DEFERRABLE INITIALLY DEFERRED;


--
-- Name: djcelery_periodictask djcelery_periodictas_interval_id_b426ab02_fk_djcelery_; Type: FK CONSTRAINT; Schema: public; Owner: postgres
--

ALTER TABLE ONLY public.djcelery_periodictask
    ADD CONSTRAINT djcelery_periodictas_interval_id_b426ab02_fk_djcelery_ FOREIGN KEY (interval_id) REFERENCES public.djcelery_intervalschedule(id) DEFERRABLE INITIALLY DEFERRED;


--
-- Name: djcelery_taskstate djcelery_taskstate_worker_id_f7f57a05_fk_djcelery_; Type: FK CONSTRAINT; Schema: public; Owner: postgres
--

ALTER TABLE ONLY public.djcelery_taskstate
    ADD CONSTRAINT djcelery_taskstate_worker_id_f7f57a05_fk_djcelery_ FOREIGN KEY (worker_id) REFERENCES public.djcelery_workerstate(id) DEFERRABLE INITIALLY DEFERRED;


--
-- Name: mlm_group mlm_group_user_id_51f5c762_fk_auth_user_id; Type: FK CONSTRAINT; Schema: public; Owner: postgres
--

ALTER TABLE ONLY public.mlm_group
    ADD CONSTRAINT mlm_group_user_id_51f5c762_fk_auth_user_id FOREIGN KEY (user_id) REFERENCES public.auth_user(id) DEFERRABLE INITIALLY DEFERRED;


--
-- Name: mlm_invite mlm_invite_user_id_f6ade5fc_fk_auth_user_id; Type: FK CONSTRAINT; Schema: public; Owner: postgres
--

ALTER TABLE ONLY public.mlm_invite
    ADD CONSTRAINT mlm_invite_user_id_f6ade5fc_fk_auth_user_id FOREIGN KEY (user_id) REFERENCES public.auth_user(id) DEFERRABLE INITIALLY DEFERRED;


--
-- Name: mlm_notification mlm_payment_from_user_id_bc269377_fk_auth_user_id; Type: FK CONSTRAINT; Schema: public; Owner: postgres
--

ALTER TABLE ONLY public.mlm_notification
    ADD CONSTRAINT mlm_payment_from_user_id_bc269377_fk_auth_user_id FOREIGN KEY (from_user_id) REFERENCES public.auth_user(id) DEFERRABLE INITIALLY DEFERRED;


--
-- Name: mlm_notification mlm_payment_to_user_id_2548b171_fk_auth_user_id; Type: FK CONSTRAINT; Schema: public; Owner: postgres
--

ALTER TABLE ONLY public.mlm_notification
    ADD CONSTRAINT mlm_payment_to_user_id_2548b171_fk_auth_user_id FOREIGN KEY (to_user_id) REFERENCES public.auth_user(id) DEFERRABLE INITIALLY DEFERRED;


--
-- Name: mlm_user_hierarchy mlm_user_hierarchy_parent_user_id_e3223107_fk_auth_user_id; Type: FK CONSTRAINT; Schema: public; Owner: postgres
--

ALTER TABLE ONLY public.mlm_user_hierarchy
    ADD CONSTRAINT mlm_user_hierarchy_parent_user_id_e3223107_fk_auth_user_id FOREIGN KEY (parent_user_id) REFERENCES public.auth_user(id) DEFERRABLE INITIALLY DEFERRED;


--
-- Name: mlm_user_hierarchy mlm_user_hierarchy_user_id_960bbaa8_fk_auth_user_id; Type: FK CONSTRAINT; Schema: public; Owner: postgres
--

ALTER TABLE ONLY public.mlm_user_hierarchy
    ADD CONSTRAINT mlm_user_hierarchy_user_id_960bbaa8_fk_auth_user_id FOREIGN KEY (user_id) REFERENCES public.auth_user(id) DEFERRABLE INITIALLY DEFERRED;


--
-- Name: mlm_user_profile mlm_user_profile_user_id_7b1a5136_fk_auth_user_id; Type: FK CONSTRAINT; Schema: public; Owner: postgres
--

ALTER TABLE ONLY public.mlm_user_profile
    ADD CONSTRAINT mlm_user_profile_user_id_7b1a5136_fk_auth_user_id FOREIGN KEY (user_id) REFERENCES public.auth_user(id) DEFERRABLE INITIALLY DEFERRED;


--
-- PostgreSQL database dump complete
--

